"Qubit","T1 (us)","T2 (us)","Readout assignment error","Prob meas0 prep1","Prob meas1 prep0","Readout length (ns)","ID error","Single-qubit gate length (ns)","RX error","Z-axis rotation (rz) error","√x (sx) error","Pauli-X error","CZ error","Gate length (ns)","RZZ error","MEASURE error","Operational"
"0","197.04192735579431","36.89791538407339","0.0045166015625","0.006591796875","0.00244140625","2584","0.00046155623261494777","36","0.00046155623261494777","0","0.00046155623261494777","0.00046155623261494777","1:0.0023620576440607777","1:68","1:0.00262787210124954","0.0045166015625","Yes"
"1","164.9777106264744","164.00307898858568","0.009765625","0.009521484375","0.010009765625","2584","0.0001723206664027934","36","0.0001723206664027934","0","0.0001723206664027934","0.0001723206664027934","2:0.0011141445689112628;0:0.0023620576440607777","2:68;0:68","2:0.0011345571985264535;0:0.00262787210124954","0.009765625","Yes"
"2","320.8351209259294","107.29926726400765","0.00537109375","0.00830078125","0.00244140625","2584","0.0001391916911790401","36","0.0001391916911790401","0","0.0001391916911790401","0.0001391916911790401","1:0.0011141445689112628;3:0.0012652713066035604","1:68;3:68","1:0.0011345571985264535;3:0.001262082928637498","0.00537109375","Yes"
"3","23.753750863901406","31.48805762120559","0.118408203125","0.0751953125","0.16162109375","2584","0.00046094289948277054","36","0.00046094289948277054","0","0.00046094289948277054","0.00046094289948277054","16:0.0014983524862748898;2:0.0012652713066035604;4:0.0016023700608395752","16:68;2:68;4:80","16:0.0020126429073813734;2:0.001262082928637498;4:0.0017672408830236297","0.118408203125","Yes"
"4","211.90362186609892","165.48577561293177","0.01123046875","0.016357421875","0.006103515625","2584","0.00028743980496186296","36","0.00028743980496186296","0","0.00028743980496186296","0.00028743980496186296","3:0.0016023700608395752;5:0.0019251219721703183","3:80;5:68","3:0.0017672408830236297;5:0.0020837547743400853","0.01123046875","Yes"
"5","259.4568757802744","141.07824010667642","0.0059814453125","0.008056640625","0.00390625","2584","0.0003204648790114814","36","0.0003204648790114814","0","0.0003204648790114814","0.0003204648790114814","6:0.0015910610255161217;4:0.0019251219721703183","6:68;4:68","6:0.0014337019789650851;4:0.0020837547743400853","0.0059814453125","Yes"
"6","386.6519937895879","254.20204419545587","0.0106201171875","0.00927734375","0.011962890625","2584","0.0005010588098573304","36","0.0005010588098573304","0","0.0005010588098573304","0.0005010588098573304","5:0.0015910610255161217;7:0.0011787221345340437","5:68;7:68","5:0.0014337019789650851;7:0.0009797023542529593","0.0106201171875","Yes"
"7","364.8607699877248","117.5417649563849","0.0091552734375","0.01318359375","0.005126953125","2584","0.0001666582943555438","36","0.0001666582943555438","0","0.0001666582943555438","0.0001666582943555438","17:0.0016365915489151284;6:0.0011787221345340437;8:0.002008172960013127","17:68;6:68;8:80","17:0.0035438362995106054;6:0.0009797023542529593;8:0.0017900934194691465","0.0091552734375","Yes"
"8","211.19421369309364","118.74469021266069","0.0111083984375","0.01611328125","0.006103515625","2584","0.00020289990203876514","36","0.00020289990203876514","0","0.00020289990203876514","0.00020289990203876514","9:0.0021794039328041914;7:0.002008172960013127","9:68;7:80","9:0.0013763699780873218;7:0.0017900934194691465","0.0111083984375","Yes"
"9","181.07164762154412","213.17802841208086","0.0113525390625","0.01025390625","0.012451171875","2584","0.00014717874855410618","36","0.00014717874855410618","0","0.00014717874855410618","0.00014717874855410618","8:0.0021794039328041914;10:0.001066871716532164","8:68;10:68","8:0.0013763699780873218;10:0.0011734531870522258","0.0113525390625","Yes"
"10","353.8610626400975","165.99799117267924","0.0050048828125","0.01611328125","0.005615234375","2584","0.0002605305735582322","36","0.0002605305735582322","0","0.0002605305735582322","0.0002605305735582322","9:0.001066871716532164;11:0.001671171436984531","9:68;11:68","9:0.0011734531870522258;11:0.001990992984021306","0.0050048828125","Yes"
"11","339.8144343038144","185.13483047586257","0.0189208984375","0.01708984375","0.020751953125","2584","0.00036496734227601174","36","0.00036496734227601174","0","0.00036496734227601174","0.00036496734227601174","18:0.0016641131983754498;10:0.001671171436984531;12:0.0011748588687971462","18:68;10:68;12:68","18:0.0021982606067770527;10:0.001990992984021306;12:0.001517675851128275","0.0189208984375","Yes"
"12","293.86221998098944","133.0269118292573","0.00830078125","0.0068359375","0.009765625","2584","0.0001519078342776677","36","0.0001519078342776677","0","0.0001519078342776677","0.0001519078342776677","13:0.001449970549512375;11:0.0011748588687971462","13:80;11:68","13:0.0016684415357941795;11:0.001517675851128275","0.00830078125","Yes"
"13","206.17933812096788","235.2066065313739","0.0087890625","0.0078125","0.009765625","2584","0.0002354677778064941","36","0.0002354677778064941","0","0.0002354677778064941","0.0002354677778064941","12:0.001449970549512375;14:0.0012027235269891356","12:80;14:80","12:0.0016684415357941795;14:0.0014654159171118564","0.0087890625","Yes"
"14","378.0472968267053","81.49918287752281","0.0028076171875","0.00439453125","0.001220703125","2584","0.00016554893259342776","36","0.00016554893259342776","0","0.00016554893259342776","0.00016554893259342776","15:0.0013069842576712287;13:0.0012027235269891356","15:68;13:80","15:0.0015677279399596011;13:0.0014654159171118564","0.0028076171875","Yes"
"15","333.06370879441835","33.01198558913968","0.0057373046875","0.00732421875","0.004150390625","2584","0.0002474642047889168","36","0.0002474642047889168","0","0.0002474642047889168","0.0002474642047889168","14:0.0013069842576712287;19:0.0017936648802711619","14:68;19:68","14:0.0015677279399596011;19:0.0011416141904684318","0.0057373046875","Yes"
"16","117.26826276361764","95.57910322894286","0.006591796875","0.01025390625","0.0029296875","2584","0.0006106988665646521","36","0.0006106988665646521","0","0.0006106988665646521","0.0006106988665646521","23:0.0023488455671600017;3:0.0014983524862748898","23:68;3:68","23:0.0023226799016139166;3:0.0020126429073813734","0.006591796875","Yes"
"17","209.62981558934342","8.803498919693162","0.0035400390625","0.005859375","0.001220703125","2584","0.0008430474910330701","36","0.0008430474910330701","0","0.0008430474910330701","0.0008430474910330701","7:0.0016365915489151284;27:0.0018914641413576294","7:68;27:68","7:0.0035438362995106054;27:0.0023929452250492644","0.0035400390625","Yes"
"18","115.14266792934735","59.317191476016376","0.0172119140625","0.021484375","0.012939453125","2584","0.0003757439099234163","36","0.0003757439099234163","0","0.0003757439099234163","0.0003757439099234163","11:0.0016641131983754498;31:0.002733570669647356","11:68;31:68","11:0.0021982606067770527;31:0.002143365448741219","0.0172119140625","Yes"
"19","70.68063032172098","52.348301073892976","0.0057373046875","0.00830078125","0.003173828125","2584","0.0002445006917449526","36","0.0002445006917449526","0","0.0002445006917449526","0.0002445006917449526","35:0.001577910973110136;15:0.0017936648802711619","35:80;15:68","35:0.0019928605981514858;15:0.0011416141904684318","0.0057373046875","Yes"
"20","119.93772905685695","123.69708295782375","0.005615234375","0.008544921875","0.002685546875","2584","0.0003743120444822914","36","0.0003743120444822914","0","0.0003743120444822914","0.0003743120444822914","21:0.0026936035840120776","21:68","21:0.014720871435013827","0.005615234375","Yes"
"21","282.7803391247522","190.41422235637498","0.0240478515625","0.018310546875","0.02978515625","2584","0.00045713077147100116","36","0.00045713077147100116","0","0.00045713077147100116","0.00045713077147100116","36:0.0025930625069436886;20:0.0026936035840120776;22:0.002556593841958832","36:68;20:68;22:68","36:0.002625828689609977;20:0.014720871435013827;22:0.001374210547231608","0.0240478515625","Yes"
"22","207.44496819366614","35.83067565859701","0.010498046875","0.012451171875","0.008544921875","2584","0.0009252019302838862","36","0.0009252019302838862","0","0.0009252019302838862","0.0009252019302838862","23:0.0030265203765756366;21:0.002556593841958832","23:68;21:68","23:0.0019092545453841536;21:0.001374210547231608","0.010498046875","Yes"
"23","343.1572454596858","176.36474538414768","0.0360107421875","0.033935546875","0.0380859375","2584","0.00017039666287126156","36","0.00017039666287126156","0","0.00017039666287126156","0.00017039666287126156","22:0.0030265203765756366;24:0.004581085500704352;16:0.0023488455671600017","22:68;24:68;16:68","22:0.0019092545453841536;24:0.0026711871533915965;16:0.0023226799016139166","0.0360107421875","Yes"
"24","160.40772556122306","42.82371466985052","0.0289306640625","0.027587890625","0.0302734375","2584","0.00032128338245986625","36","0.00032128338245986625","0","0.00032128338245986625","0.00032128338245986625","23:0.004581085500704352;25:0.003948517061442697","23:68;25:68","23:0.0026711871533915965;25:0.003776034970278147","0.0289306640625","Yes"
"25","139.73607116138342","50.01630793431843","0.0589599609375","0.0390625","0.078857421875","2584","0.00032671182173688127","36","0.00032671182173688127","0","0.00032671182173688127","0.00032671182173688127","24:0.003948517061442697;26:0.012589792491206897;37:0.0042838450348181845","24:68;26:68;37:68","24:0.003776034970278147;26:0.014637330467576454;37:0.00568362051020771","0.0589599609375","Yes"
"26","7.218075419803065","8.80782166147523","0.09375","0.1005859375","0.0869140625","2584","0.0030187570273066274","36","0.0030187570273066274","0","0.0030187570273066274","0.0030187570273066274","25:0.012589792491206897;27:0.01328866513949642","25:68;27:68","25:0.014637330467576454;27:0.012390862166948152","0.09375","Yes"
"27","165.24863727237698","151.16409468159077","0.0830078125","0.01171875","0.112060546875","2584","0.00022689274051647035","36","0.00022689274051647035","0","0.00022689274051647035","0.00022689274051647035","26:0.01328866513949642;28:0.001438373529357856;17:0.0018914641413576294","26:68;28:68;17:68","26:0.012390862166948152;28:0.001771453401961387;17:0.0023929452250492644","0.0830078125","Yes"
"28","141.54331547435348","101.56147941818044","0.0081787109375","0.0107421875","0.005615234375","2584","0.0003219499903922178","36","0.0003219499903922178","0","0.0003219499903922178","0.0003219499903922178","27:0.001438373529357856;29:0.0028299950600053914","27:68;29:68","27:0.001771453401961387;29:0.002530808435598969","0.0081787109375","Yes"
"29","116.9230490987092","123.8032902403761","0.02294921875","0.02392578125","0.02197265625","2584","0.0003754159001570461","36","0.0003754159001570461","0","0.0003754159001570461","0.0003754159001570461","38:0.002667849767593794;28:0.0028299950600053914;30:0.0025500956352410287","38:68;28:68;30:68","38:0.0018222467327934921;28:0.002530808435598969;30:0.002569318269012605","0.02294921875","Yes"
"30","166.05225551558658","30.69718183387792","0.017578125","0.032470703125","0.002685546875","2584","0.0005157716977297838","36","0.0005157716977297838","0","0.0005157716977297838","0.0005157716977297838","31:0.0039155127114465504;29:0.0025500956352410287","31:68;29:68","31:0.002636647922793167;29:0.002569318269012605","0.017578125","Yes"
"31","141.05163214979004","50.34962486959372","0.0379638671875","0.027587890625","0.04833984375","2584","0.0003850119477231034","36","0.0003850119477231034","0","0.0003850119477231034","0.0003850119477231034","30:0.0039155127114465504;32:0.003792863394009166;18:0.002733570669647356","30:68;32:68;18:68","30:0.002636647922793167;32:0.002292859680350201;18:0.002143365448741219","0.0379638671875","Yes"
"32","305.6062134277365","49.65563471382226","0.0067138671875","0.010986328125","0.00244140625","2584","0.00032201585513068413","36","0.00032201585513068413","0","0.00032201585513068413","0.00032201585513068413","31:0.003792863394009166;33:0.002366347364104876","31:68;33:68","31:0.002292859680350201;33:0.001734987000035687","0.0067138671875","Yes"
"33","109.0051669355045","73.4194381170405","0.0137939453125","0.0146484375","0.012939453125","2584","0.000635869726282967","36","0.000635869726282967","0","0.000635869726282967","0.000635869726282967","39:0.0017562086301622926;32:0.002366347364104876;34:0.0016379423359472733","39:68;32:68;34:68","32:0.001734987000035687;34:0.002401914470383043","0.0137939453125","Yes"
"34","167.43724978602876","132.51324358339772","0.00830078125","0.009765625","0.0068359375","2584","0.0005742073953615694","36","0.0005742073953615694","0","0.0005742073953615694","0.0005742073953615694","33:0.0016379423359472733;35:0.0017785029709988243","33:68;35:68","33:0.002401914470383043;35:0.0016640802525896004","0.00830078125","Yes"
"35","353.8911831606832","419.87994430040965","0.0115966796875","0.01611328125","0.007080078125","2584","0.0001758916835506734","36","0.0001758916835506734","0","0.0001758916835506734","0.0001758916835506734","19:0.001577910973110136;34:0.0017785029709988243","19:80;34:68","19:0.0019928605981514858;34:0.0016640802525896004","0.0115966796875","Yes"
"36","198.31168756254442","67.23719057033063","0.1715087890625","0.06103515625","0.281982421875","2584","0.004223283452204313","36","0.004223283452204313","0","0.004223283452204313","0.004223283452204313","41:0.003522670444356557;21:0.0025930625069436886","41:68;21:68","41:0.017297914057098934;21:0.002625828689609977","0.1715087890625","Yes"
"37","203.7690448834451","21.221306813415666","0.045166015625","0.033935546875","0.056396484375","2584","0.0006918733107118851","36","0.0006918733107118851","0","0.0006918733107118851","0.0006918733107118851","45:0.005251915383895578;25:0.0042838450348181845","45:68;25:68","45:0.004251783174908846;25:0.00568362051020771","0.045166015625","Yes"
"38","112.89703953347932","82.1033127666837","0.005615234375","0.010498046875","0.000732421875","2584","0.0007061604737393669","36","0.0007061604737393669","0","0.0007061604737393669","0.0007061604737393669","29:0.002667849767593794;49:0.001979368286883082","29:68;49:68","29:0.0018222467327934921;49:0.0020928948346237986","0.005615234375","Yes"
"39","125.54520560494913","125.45277355834145","0.0245361328125","0.03662109375","0.012451171875","2584","0.0002983569295045343","36","0.0002983569295045343","0","0.0002983569295045343","0.0002983569295045343","53:0.001665447171341039;33:0.0017562086301622926","53:68;33:68","53:0.0016711680274145713","0.0245361328125","Yes"
"40","180.9027858672222","120.8376142987368","0.0308837890625","0.025634765625","0.0361328125","2584","0.000301517543551652","36","0.000301517543551652","0","0.000301517543551652","0.000301517543551652","41:0.06748926092508697","41:68","41:0.08834465495426308","0.0308837890625","Yes"
"41","215.94791699598557","44.783786655224446","0.031982421875","0.03271484375","0.03125","2584","0.00046018687029131705","36","0.00046018687029131705","0","0.00046018687029131705","0.00046018687029131705","40:0.06748926092508697;42:0.004298315153003107;36:0.003522670444356557","40:68;42:68;36:68","40:0.08834465495426308;42:0.017953767238981122;36:0.017297914057098934","0.031982421875","Yes"
"42","225.78787877974665","102.98126378538046","0.02001953125","0.022705078125","0.017333984375","2584","0.0003581221666271005","36","0.0003581221666271005","0","0.0003581221666271005","0.0003581221666271005","41:0.004298315153003107;43:0.004116458314200544","41:68;43:68","41:0.017953767238981122;43:0.0038614128922158653","0.02001953125","Yes"
"43","163.4493604529725","52.128034302508645","0.0303955078125","0.04833984375","0.012451171875","2584","0.00034861582274136216","36","0.00034861582274136216","0","0.00034861582274136216","0.00034861582274136216","42:0.004116458314200544;56:0.002184897499770605;44:0.00225727351610025","42:68;56:68;44:68","42:0.0038614128922158653;56:0.003649253679127995;44:0.0027948457582888386","0.0303955078125","Yes"
"44","228.52106304058572","185.45631642778028","0.0137939453125","0.005859375","0.002685546875","2584","0.0003792574013141181","36","0.0003792574013141181","0","0.0003792574013141181","0.0003792574013141181","45:0.002132407452495738;43:0.00225727351610025","45:68;43:68","45:0.0028727753915282483;43:0.0027948457582888386","0.0137939453125","Yes"
"45","82.18756627568888","73.35210695985009","0.0177001953125","0.01611328125","0.019287109375","2584","0.0003722775999549603","36","0.0003722775999549603","0","0.0003722775999549603","0.0003722775999549603","44:0.002132407452495738;46:0.003555638761697011;37:0.005251915383895578","44:68;46:68;37:68","44:0.0028727753915282483;46:0.00239863745850577;37:0.004251783174908846","0.0177001953125","Yes"
"46","161.29308035951328","86.76046417494314","0.00927734375","0.015380859375","0.003173828125","2584","0.00031646136265037753","36","0.00031646136265037753","0","0.00031646136265037753","0.00031646136265037753","45:0.003555638761697011;47:0.002891200775544611","45:68;47:68","45:0.00239863745850577;47:0.001643178390618033","0.00927734375","Yes"
"47","242.92348600230972","193.18945898810802","0.0076904296875","0.010009765625","0.00537109375","2584","0.00019833361680155167","36","0.00019833361680155167","0","0.00019833361680155167","0.00019833361680155167","48:0.010622945056227934;57:0.0018526051266900823;46:0.002891200775544611","48:68;57:68;46:68","48:0.007837764587361157;57:0.001971297467304345;46:0.001643178390618033","0.0076904296875","Yes"
"48","238.1091859192204","70.02635772658603","0.065673828125","0.053955078125","0.077392578125","2584","0.0025486868867598774","36","0.0025486868867598774","0","0.0025486868867598774","0.0025486868867598774","47:0.010622945056227934;49:0.009351020459195947","47:68;49:68","47:0.007837764587361157;49:0.008989698230089632","0.065673828125","Yes"
"49","244.79970540947826","180.39592511474345","0.0064697265625","0.009521484375","0.00341796875","2584","0.0004462938158574905","36","0.0004462938158574905","0","0.0004462938158574905","0.0004462938158574905","48:0.009351020459195947;50:0.001782157668708123;38:0.001979368286883082","48:68;50:68;38:68","48:0.008989698230089632;50:0.002120107493472273;38:0.0020928948346237986","0.0064697265625","Yes"
"50","177.29142540425045","143.13230865674112","0.013427734375","0.019287109375","0.007568359375","2584","0.0003100952235579009","36","0.0003100952235579009","0","0.0003100952235579009","0.0003100952235579009","49:0.001782157668708123;51:0.0027214640168797266","49:68;51:68","49:0.002120107493472273;51:0.0018812806267786142","0.013427734375","Yes"
"51","281.32288275906893","366.80509252682947","0.1044921875","0.042724609375","0.166259765625","2584","0.0003744368645109506","36","0.0003744368645109506","0","0.0003744368645109506","0.0003744368645109506","50:0.0027214640168797266;52:0.002543320027983853;58:0.0020901677307684774","50:68;52:68;58:68","50:0.0018812806267786142;52:0.0018091850825775746","0.1044921875","Yes"
"52","148.18241225200632","103.48886768872048","0.02001953125","0.0244140625","0.015625","2584","0.00046112740510563","36","0.00046112740510563","0","0.00046112740510563","0.00046112740510563","51:0.002543320027983853;53:0.002226230385895256","51:68;53:68","51:0.0018091850825775746;53:0.001806956141754995","0.02001953125","Yes"
"53","259.169344093601","251.58402438598216","0.009521484375","0.013671875","0.00537109375","2584","0.00014540019431484724","36","0.00014540019431484724","0","0.00014540019431484724","0.00014540019431484724","39:0.001665447171341039;52:0.002226230385895256;54:0.0012298526320160819","39:68;52:68;54:68","39:0.0016711680274145713;52:0.001806956141754995;54:0.0013445451990472534","0.009521484375","Yes"
"54","197.48749006027197","216.13376731132016","0.006103515625","0.00830078125","0.00390625","2584","0.00013979752482729487","36","0.00013979752482729487","0","0.00013979752482729487","0.00013979752482729487","53:0.0012298526320160819;55:0.002010468634170648","53:68;55:68","53:0.0013445451990472534;55:0.0016312346742145545","0.006103515625","Yes"
"55","246.3148505434487","76.28821769236175","0.025390625","0.03759765625","0.01318359375","2584","0.0003949049706549778","36","0.0003949049706549778","0","0.0003949049706549778","0.0003949049706549778","59:0.0033202687534307773;54:0.002010468634170648","59:68;54:68","59:0.00209656182088952;54:0.0016312346742145545","0.025390625","Yes"
"56","213.51355957823296","93.99443281834499","0.005126953125","0.00830078125","0.001953125","2584","0.00037222538077999907","36","0.00037222538077999907","0","0.00037222538077999907","0.00037222538077999907","63:0.0028982422698242694;43:0.002184897499770605","63:68;43:68","63:0.001901385580339754;43:0.003649253679127995","0.005126953125","Yes"
"57","81.88592338670392","23.006293023694468","0.0078125","0.009521484375","0.006103515625","2584","0.00027831064941937725","36","0.00027831064941937725","0","0.00027831064941937725","0.00027831064941937725","47:0.0018526051266900823;67:0.003762321807417396","47:68;67:68","47:0.001971297467304345;67:0.0023610274668080244","0.0078125","Yes"
"58","181.2717121523394","150.55396257507763","0.0301513671875","0.037109375","0.023193359375","2584","0.00016823757666698533","36","0.00016823757666698533","0","0.00016823757666698533","0.00016823757666698533","71:0.001896135641184099;51:0.0020901677307684774","71:68;51:68","71:0.005202534329548147","0.0301513671875","Yes"
"59","165.0880038140179","176.12081989558936","0.013427734375","0.015869140625","0.010986328125","2584","0.00018231489311622856","36","0.00018231489311622856","0","0.00018231489311622856","0.00018231489311622856","55:0.0033202687534307773;75:0.004715286130371227","55:68;75:68","55:0.00209656182088952;75:0.001856330871730233","0.013427734375","Yes"
"60","149.67223383471378","108.84560750393739","0.05419921875","0.038818359375","0.069580078125","2584","0.0006514219415266203","36","0.0006514219415266203","0","0.0006514219415266203","0.0006514219415266203","61:0.01331243461573886","61:80","","0.05419921875","Yes"
"61","363.62240951449803","260.72347172043663","0.0870361328125","0.01708984375","0.002197265625","2584","0.0015777227150030994","36","0.0015777227150030994","0","0.0015777227150030994","0.0015777227150030994","76:0.011164159392852813;60:0.01331243461573886","76:68;60:80;62:68","76:0.007552105193144726","0.0870361328125","Yes"
"62","112.07861161159985","53.12571165453221","0.010498046875","0.01953125","0.00146484375","2584","0.0004962653757866522","36","0.0004962653757866522","0","0.0004962653757866522","0.0004962653757866522","63:0.002458983702493811","61:68;63:68","63:0.0026130090879660783","0.010498046875","Yes"
"63","178.7869858700403","178.25109520079374","0.0198974609375","0.03662109375","0.003173828125","2584","0.00027144044189521916","36","0.00027144044189521916","0","0.00027144044189521916","0.00027144044189521916","56:0.0028982422698242694;62:0.002458983702493811;64:0.012503538158514127","56:68;62:68;64:68","56:0.001901385580339754;62:0.0026130090879660783;64:0.002285418406883538","0.0198974609375","Yes"
"64","154.05213508773198","79.44184775687657","0.0062255859375","0.0087890625","0.003662109375","2584","0.0005289702229971597","36","0.0005289702229971597","0","0.0005289702229971597","0.0005289702229971597","65:0.002254284005296342;63:0.012503538158514127","65:68;63:68","65:0.00201228064885578;63:0.002285418406883538","0.0062255859375","Yes"
"65","267.1583850442774","55.066516489087036","0.0186767578125","0.0283203125","0.009033203125","2584","0.0002565980503469535","36","0.0002565980503469535","0","0.0002565980503469535","0.0002565980503469535","64:0.002254284005296342;66:0.002665190052000277;77:0.002054696890416291","64:68;66:68;77:68","64:0.00201228064885578;66:0.0016039207900211405;77:0.0018100043676944066","0.0186767578125","Yes"
"66","149.47985817825918","114.29942572960864","0.0074462890625","0.009521484375","0.00537109375","2584","0.0005170161938875434","36","0.0005170161938875434","0","0.0005170161938875434","0.0005170161938875434","65:0.002665190052000277;67:0.002511941935273626","65:68;67:68","65:0.0016039207900211405;67:0.0017127033281920945","0.0074462890625","Yes"
"67","307.2634571397262","92.45407166898103","0.027099609375","0.052490234375","0.001708984375","2584","0.001772359831154713","36","0.001772359831154713","0","0.001772359831154713","0.001772359831154713","68:0.003635115055986654;57:0.003762321807417396;66:0.002511941935273626","68:68;57:68;66:68","68:0.0032420345352077995;57:0.0023610274668080244;66:0.0017127033281920945","0.027099609375","Yes"
"68","105.54086494817945","31.396970357264532","0.008544921875","0.011474609375","0.005615234375","2584","0.00048762023391304754","36","0.00048762023391304754","0","0.00048762023391304754","0.00048762023391304754","67:0.003635115055986654;69:0.0030826445294059035","67:68;69:68","67:0.0032420345352077995;69:0.0028384083825423734","0.008544921875","Yes"
"69","173.57728829308286","55.25411757104056","0.0296630859375","0.02880859375","0.030517578125","2584","0.0002662028046914973","36","0.0002662028046914973","0","0.0002662028046914973","0.0002662028046914973","78:0.0023084184734754043;68:0.0030826445294059035;70:0.0023802435238093056","78:68;68:68;70:80","78:0.002412683346106115;68:0.0028384083825423734;70:0.003202167400666339","0.0296630859375","Yes"
"70","175.42144744838592","20.69591308414621","0.010986328125","0.016845703125","0.005126953125","2584","0.0007673988460285059","36","0.0007673988460285059","0","0.0007673988460285059","0.0007673988460285059","69:0.0023802435238093056;71:0.0024014522456170806","69:80;71:68","69:0.003202167400666339;71:0.0027904777036302786","0.010986328125","Yes"
"71","158.7204510218563","44.49955567744726","0.0050048828125","0.009765625","0.000244140625","2584","0.00020793051656892996","36","0.00020793051656892996","0","0.00020793051656892996","0.00020793051656892996","72:0.0027211453974916866;58:0.001896135641184099;70:0.0024014522456170806","72:68;58:68;70:68","72:0.0029611625431624766;58:0.005202534329548147;70:0.0027904777036302786","0.0050048828125","Yes"
"72","157.10283721048827","24.390502336723745","0.01806640625","0.03369140625","0.00244140625","2584","0.0007163649438825809","36","0.0007163649438825809","0","0.0007163649438825809","0.0007163649438825809","73:0.003540635434224615;71:0.0027211453974916866","73:68;71:68","73:0.004369328476317991;71:0.0029611625431624766","0.01806640625","Yes"
"73","275.0176373909777","148.32694787227274","0.098388671875","0.06689453125","0.1298828125","2584","0.0004570354954499862","36","0.0004570354954499862","0","0.0004570354954499862","0.0004570354954499862","72:0.003540635434224615;74:0.0037155819204880702;79:0.0035645057760610166","72:68;74:68;79:68","72:0.004369328476317991;74:0.0032282590696468827;79:0.0024072974481204323","0.098388671875","Yes"
"74","93.53816057636307","11.201696746589848","0.0272216796875","0.041748046875","0.0126953125","2584","0.0002233405882294503","36","0.0002233405882294503","0","0.0002233405882294503","0.0002233405882294503","73:0.0037155819204880702;75:0.003432547867319946","73:68;75:68","73:0.0032282590696468827;75:0.0016930701478954924","0.0272216796875","Yes"
"75","293.59037960789834","121.94978748880197","0.0086669921875","0.01611328125","0.001220703125","2584","0.0002880820848224007","36","0.0002880820848224007","0","0.0002880820848224007","0.0002880820848224007","59:0.004715286130371227;74:0.003432547867319946","59:68;74:68","59:0.001856330871730233;74:0.0016930701478954924","0.0086669921875","Yes"
"76","83.4814902179062","43.29387280766817","0.015625","0.01171875","0.01953125","2584","0.00027598650978143856","36","0.00027598650978143856","0","0.00027598650978143856","0.00027598650978143856","81:0.004492703559716121;61:0.011164159392852813","81:68;61:68","81:0.0028824417965012117;61:0.007552105193144726","0.015625","Yes"
"77","134.29017712160615","80.20507013580865","0.0128173828125","0.013427734375","0.01220703125","2584","0.0003194757626487693","36","0.0003194757626487693","0","0.0003194757626487693","0.0003194757626487693","85:0.003558947715869093;65:0.002054696890416291","85:68;65:68","85:0.002830824075110039;65:0.0018100043676944066","0.0128173828125","Yes"
"78","165.68689870654586","166.7434904736046","0.01611328125","0.01708984375","0.015380859375","2584","0.0003290010263821362","36","0.0003290010263821362","0","0.0003290010263821362","0.0003290010263821362","69:0.0023084184734754043;89:0.0018296760567662607","69:68;89:68","69:0.002412683346106115;89:0.003359119095871721","0.01611328125","Yes"
"79","124.2803732637106","23.744923311932716","0.0789794921875","0.08349609375","0.074462890625","2584","0.0004040610981566371","36","0.0004040610981566371","0","0.0004040610981566371","0.0004040610981566371","93:0.0030150035247555884;73:0.0035645057760610166","93:68;73:68","93:0.0018998168542070926;73:0.0024072974481204323","0.0789794921875","Yes"
"80","139.37274560927514","37.6324410271337","0.01123046875","0.018798828125","0.003662109375","2584","0.0002669997895512279","36","0.0002669997895512279","0","0.0002669997895512279","0.0002669997895512279","81:0.003104582344115314","81:68","81:0.0041783852426370005","0.01123046875","Yes"
"81","115.1330320261026","116.51618072963441","0.02490234375","0.0380859375","0.01171875","2584","0.0005628830305448643","36","0.0005628830305448643","0","0.0005628830305448643","0.0005628830305448643","80:0.003104582344115314;82:0.11982977579103986;76:0.004492703559716121","80:68;82:68;76:68","80:0.0041783852426370005;82:0.1054267484343237;76:0.0028824417965012117","0.02490234375","Yes"
"82","6.655020753402817","6.440762177221647","0.3427734375","0.554443359375","0.131103515625","2584","","36","","0","","","81:0.11982977579103986","81:68;83:68","81:0.1054267484343237","0.3427734375","Yes"
"83","114.23621130357047","84.42717240226803","0.3448486328125","0.16455078125","0.525146484375","2584","0.0004564800711169187","36","0.0004564800711169187","0","0.0004564800711169187","0.0004564800711169187","96:0.008284406725053317;84:0.00467171938680272","96:68;82:68;84:68","96:0.003937863276413517;84:0.0029170859076026734","0.3448486328125","Yes"
"84","192.55083246072525","188.06804404853762","0.042724609375","0.033935546875","0.051513671875","2584","0.0005467397311232463","36","0.0005467397311232463","0","0.0005467397311232463","0.0005467397311232463","83:0.00467171938680272;85:0.0047414919416723655","83:68;85:68","83:0.0029170859076026734;85:0.0023783344817881746","0.042724609375","Yes"
"85","150.61239289843428","19.263585845583542","0.0050048828125","0.009033203125","0.0009765625","2584","0.00034491678018316445","36","0.00034491678018316445","0","0.00034491678018316445","0.00034491678018316445","77:0.003558947715869093;86:0.002315891592282765;84:0.0047414919416723655","77:68;86:68;84:68","77:0.002830824075110039;86:0.016865718361620263;84:0.0023783344817881746","0.0050048828125","Yes"
"86","200.35776888993115","70.70087095243034","0.0164794921875","0.03076171875","0.002197265625","2584","0.0003202249300681365","36","0.0003202249300681365","0","0.0003202249300681365","0.0003202249300681365","85:0.002315891592282765;87:0.0019864616418461545","85:68;87:68","85:0.016865718361620263;87:0.010750748420771838","0.0164794921875","Yes"
"87","217.90940806009692","184.72402888841793","0.007568359375","0.01171875","0.00341796875","2584","0.0005422142202758587","36","0.0005422142202758587","0","0.0005422142202758587","0.0005422142202758587","86:0.0019864616418461545;88:0.0016794206210472007;97:0.002343906370627147","86:68;88:68;97:68","86:0.010750748420771838;88:0.0015462971763127442;97:0.0026790830820818123","0.007568359375","Yes"
"88","236.57338773763456","28.982524986528674","0.02001953125","0.020263671875","0.019775390625","2584","0.0003335643809745575","36","0.0003335643809745575","0","0.0003335643809745575","0.0003335643809745575","87:0.0016794206210472007;89:0.013013973899662468","87:68;89:68","87:0.0015462971763127442;89:0.0026631274918537673","0.02001953125","Yes"
"89","302.4253533087362","268.5910258276519","0.0145263671875","0.016845703125","0.01220703125","2584","0.00032276887957112765","36","0.00032276887957112765","0","0.00032276887957112765","0.00032276887957112765","90:0.0026703378027261304;88:0.013013973899662468;78:0.0018296760567662607","90:68;88:68;78:68","90:0.0035089592756061827;88:0.0026631274918537673;78:0.003359119095871721","0.0145263671875","Yes"
"90","63.12057981560879","89.69314937694425","0.0340576171875","0.03173828125","0.036376953125","2584","0.001441452055648887","36","0.001441452055648887","0","0.001441452055648887","0.001441452055648887","89:0.0026703378027261304;91:0.0026954448760487526","89:68;91:80","89:0.0035089592756061827;91:0.0026100245739475725","0.0340576171875","Yes"
"91","97.2537089529088","129.01465031331156","0.007080078125","0.009033203125","0.005126953125","2584","0.0003261614177652379","36","0.0003261614177652379","0","0.0003261614177652379","0.0003261614177652379","98:0.0011335632032820064;90:0.0026954448760487526;92:0.00289523242316278","98:68;90:80;92:68","98:0.001517957622049454;90:0.0026100245739475725;92:0.0023145737272917966","0.007080078125","Yes"
"92","232.76742223408596","203.44254371983905","0.007568359375","0.01318359375","0.001953125","2584","0.0002558443875543834","36","0.0002558443875543834","0","0.0002558443875543834","0.0002558443875543834","91:0.00289523242316278;93:0.003859599073960107","91:68;93:68","91:0.0023145737272917966;93:0.002125632035101105","0.007568359375","Yes"
"93","201.44155661392344","162.59009553009196","0.0069580078125","0.0107421875","0.003173828125","2584","0.0003169098799425216","36","0.0003169098799425216","0","0.0003169098799425216","0.0003169098799425216","94:0.0015862033895730487;79:0.0030150035247555884;92:0.003859599073960107","94:68;79:68;92:68","94:0.0015354672320109786;79:0.0018998168542070926;92:0.002125632035101105","0.0069580078125","Yes"
"94","292.058090634379","191.60695719093843","0.0072021484375","0.009765625","0.004638671875","2584","0.0001550708261205311","36","0.0001550708261205311","0","0.0001550708261205311","0.0001550708261205311","93:0.0015862033895730487;95:0.010231364248670105","93:68;95:68","93:0.0015354672320109786;95:0.006827870770752614","0.0072021484375","Yes"
"95","300.4211053625748","413.0674941827677","0.0125732421875","0.01318359375","0.014404296875","2584","0.000710012134160605","36","0.000710012134160605","0","0.000710012134160605","0.000710012134160605","99:0.08500679322814537;94:0.010231364248670105","99:68;94:68","94:0.006827870770752614","0.0125732421875","Yes"
"96","148.1000742840285","30.538124066623453","0.0347900390625","0.046630859375","0.02294921875","2584","0.0005927533650135952","36","0.0005927533650135952","0","0.0005927533650135952","0.0005927533650135952","83:0.008284406725053317;103:0.0036753956349596384","83:68;103:68","83:0.003937863276413517;103:0.0024267512324236407","0.0347900390625","Yes"
"97","299.3544335234543","71.95923366293246","0.021728515625","0.0400390625","0.00341796875","2584","0.00016417409852077195","36","0.00016417409852077195","0","0.00016417409852077195","0.00016417409852077195","87:0.002343906370627147;107:0.0019905693072863606","87:68;107:68","87:0.0026790830820818123;107:0.0032894366166859867","0.021728515625","Yes"
"98","395.3864907845942","92.5830965804794","0.012451171875","0.022705078125","0.002197265625","2584","0.00020923996950607975","36","0.00020923996950607975","0","0.00020923996950607975","0.00020923996950607975","91:0.0011335632032820064;111:0.001474768529081405","91:68;111:68","91:0.001517957622049454;111:0.0022131088079479777","0.012451171875","Yes"
"99","156.1506679976263","31.33519358049586","0.0091552734375","0.016357421875","0.001953125","2584","0.001043657708394711","36","0.001043657708394711","0","0.001043657708394711","0.001043657708394711","115:0.003204885414999442;95:0.08500679322814537","115:68;95:68","115:0.002461856861693368","0.0091552734375","Yes"
"100","101.82838413995358","114.9420714972092","0.014404296875","0.025634765625","0.003173828125","2584","0.0005609242458993078","36","0.0005609242458993078","0","0.0005609242458993078","0.0005609242458993078","101:0.0024726263491108014","101:68","101:0.0025479393237826387","0.014404296875","Yes"
"101","159.41084990233986","62.446863898010726","0.014404296875","0.022705078125","0.006103515625","2584","0.00022785681064716237","36","0.00022785681064716237","0","0.00022785681064716237","0.00022785681064716237","100:0.0024726263491108014;116:0.0071732885531912705;102:0.005518170047926901","100:68;116:68;102:68","100:0.0025479393237826387;116:0.006629495680384734;102:0.007862324280592609","0.014404296875","Yes"
"102","78.8973486583255","41.68004495305329","0.008056640625","0.01123046875","0.0048828125","2584","0.0004937980082214251","36","0.0004937980082214251","0","0.0004937980082214251","0.0004937980082214251","101:0.005518170047926901;103:0.0038703579223612894","101:68;103:68","101:0.007862324280592609;103:0.007272277404023447","0.008056640625","Yes"
"103","73.17724949487044","40.44632949968244","0.0428466796875","0.0380859375","0.047607421875","2584","0.0005940999942447457","36","0.0005940999942447457","0","0.0005940999942447457","0.0005940999942447457","104:0.002530798796833683;96:0.0036753956349596384;102:0.0038703579223612894","104:68;96:68;102:68","104:0.004299265292305926;96:0.0024267512324236407;102:0.007272277404023447","0.0428466796875","Yes"
"104","302.4459848025377","268.4133643732123","0.014892578125","0.021484375","0.00830078125","2584","0.00030751268091552944","36","0.00030751268091552944","0","0.00030751268091552944","0.00030751268091552944","103:0.002530798796833683;105:0.001819229436555797","103:68;105:68","103:0.004299265292305926;105:0.0021543476359047187","0.014892578125","Yes"
"105","136.6612584302496","105.86162951765915","0.0360107421875","0.070556640625","0.00146484375","2584","0.0003376820974390677","36","0.0003376820974390677","0","0.0003376820974390677","0.0003376820974390677","104:0.001819229436555797;106:0.00201465582105953;117:0.004871947185101422","104:68;106:68;117:68","104:0.0021543476359047187;106:0.0022114910511249752;117:0.005950966062994945","0.0360107421875","Yes"
"106","240.1589422616003","158.63770217977302","0.01318359375","0.015380859375","0.010986328125","2584","0.00026589099339373925","36","0.00026589099339373925","0","0.00026589099339373925","0.00026589099339373925","107:0.004029972843688223;105:0.00201465582105953","107:68;105:68","107:0.005239000443271802;105:0.0022114910511249752","0.01318359375","Yes"
"107","215.4542803673404","209.42796131986788","0.0582275390625","0.1123046875","0.004150390625","2584","0.00030703282477434723","36","0.00030703282477434723","0","0.00030703282477434723","0.00030703282477434723","106:0.004029972843688223;108:0.00332242640096167;97:0.0019905693072863606","106:68;108:68;97:68","106:0.005239000443271802;108:0.006402511298423341;97:0.0032894366166859867","0.0582275390625","Yes"
"108","26.72068125030376","34.98547489531198","0.0242919921875","0.02880859375","0.019775390625","2584","0.0007241246010017595","36","0.0007241246010017595","0","0.0007241246010017595","0.0007241246010017595","107:0.00332242640096167;109:0.003511383612918584","107:68;109:68","107:0.006402511298423341;109:0.002437989907236343","0.0242919921875","Yes"
"109","180.49167551402564","76.54804981749567","0.00244140625","0.002685546875","0.002197265625","2584","0.00024426067742184436","36","0.00024426067742184436","0","0.00024426067742184436","0.00024426067742184436","108:0.003511383612918584;110:0.0013317045732893218;118:0.0010183957951494793","108:68;110:68;118:68","108:0.002437989907236343;110:0.0013330221844166934;118:0.0030404479257975514","0.00244140625","Yes"
"110","270.37998005443677","244.77755746651496","0.015869140625","0.012451171875","0.019287109375","2584","0.0004031393568517736","36","0.0004031393568517736","0","0.0004031393568517736","0.0004031393568517736","109:0.0013317045732893218;111:0.0020604987842997025","109:68;111:68","109:0.0013330221844166934;111:0.0015952008563649978","0.015869140625","Yes"
"111","27.318333347371983","18.11488330760744","0.017578125","0.017578125","0.017578125","2584","0.0002659167078401182","36","0.0002659167078401182","0","0.0002659167078401182","0.0002659167078401182","112:0.0018233181955142896;110:0.0020604987842997025;98:0.001474768529081405","112:68;110:68;98:68","112:0.00179894268003572;110:0.0015952008563649978;98:0.0022131088079479777","0.017578125","Yes"
"112","318.2654974082831","191.66656746654328","0.0067138671875","0.0087890625","0.003662109375","2584","0.00024096162800983753","36","0.00024096162800983753","0","0.00024096162800983753","0.00024096162800983753","111:0.0018233181955142896","111:68;113:68","111:0.00179894268003572","0.0067138671875","Yes"
"113","171.81198587854058","89.48945599617846","0.3099365234375","0.5908203125","0.029052734375","2584","","36","","0","","","","119:68;112:68;114:68","","0.3099365234375","Yes"
"114","234.90898793627534","207.20543230158484","0.0078125","0.007568359375","0.008056640625","2584","0.0002449536479531013","36","0.0002449536479531013","0","0.0002449536479531013","0.0002449536479531013","115:0.0036213313846534256","115:68;113:68","115:0.0022277890839405567","0.0078125","Yes"
"115","185.3459231820604","77.63458771722834","0.0107421875","0.0107421875","0.0107421875","2584","0.0001709676875874325","36","0.0001709676875874325","0","0.0001709676875874325","0.0001709676875874325","99:0.003204885414999442;114:0.0036213313846534256","99:68;114:68","99:0.002461856861693368;114:0.0022277890839405567","0.0107421875","Yes"
"116","83.79376299778765","84.63258961222299","0.0093994140625","0.01708984375","0.001708984375","2584","0.0007792087281541906","36","0.0007792087281541906","0","0.0007792087281541906","0.0007792087281541906","101:0.0071732885531912705;121:0.004201173640682343","101:68;121:68","101:0.006629495680384734;121:0.004774741188060261","0.0093994140625","Yes"
"117","256.16328899867193","17.2463978344352","0.0169677734375","0.022216796875","0.01171875","2584","0.0009630404412712878","36","0.0009630404412712878","0","0.0009630404412712878","0.0009630404412712878","105:0.004871947185101422;125:0.005323947802373136","105:68;125:68","105:0.005950966062994945;125:0.003967613383451973","0.0169677734375","Yes"
"118","136.11623039753897","66.33901509789249","0.0191650390625","0.01806640625","0.020263671875","2584","0.0002875462170290096","36","0.0002875462170290096","0","0.0002875462170290096","0.0002875462170290096","109:0.0010183957951494793;129:0.0013168526318095009","109:68;129:68","109:0.0030404479257975514","0.0191650390625","Yes"
"119","159.8634172023395","75.6274732378708","0.1861572265625","0.35302734375","0.019287109375","2584","","36","","0","","","","113:68;133:68","","0.1861572265625","Yes"
"120","184.98074080508073","65.98065627119468","0.022216796875","0.022705078125","0.021728515625","2584","0.0003224804897459585","36","0.0003224804897459585","0","0.0003224804897459585","0.0003224804897459585","121:0.0015012207714212855","121:68","121:0.0016077686634945743","0.022216796875","Yes"
"121","170.37218971132174","183.9572724690993","0.0430908203125","0.032958984375","0.05322265625","2584","0.0002463003676812906","36","0.0002463003676812906","0","0.0002463003676812906","0.0002463003676812906","120:0.0015012207714212855;122:0.0031857637789067528;116:0.004201173640682343","120:68;122:80;116:68","120:0.0016077686634945743;122:0.0026637546888476082;116:0.004774741188060261","0.0430908203125","Yes"
"122","139.04820706156642","23.83392391783887","0.0333251953125","0.029052734375","0.03759765625","2584","0.00048605909604911967","36","0.00048605909604911967","0","0.00048605909604911967","0.00048605909604911967","121:0.0031857637789067528;123:0.002356917609654674","121:80;123:68","121:0.0026637546888476082;123:0.0024223979488261216","0.0333251953125","Yes"
"123","130.51219831560982","79.09377656402937","0.0130615234375","0.018798828125","0.00732421875","2584","0.0003520975472179954","36","0.0003520975472179954","0","0.0003520975472179954","0.0003520975472179954","136:0.0028831507531508482;124:0.002151393923535444;122:0.002356917609654674","136:68;124:68;122:68","136:0.0025370036452632416;124:0.002163913883310442;122:0.0024223979488261216","0.0130615234375","Yes"
"124","61.02018604029014","47.656791178983475","0.031494140625","0.0576171875","0.00537109375","2584","0.0007992983946816712","36","0.0007992983946816712","0","0.0007992983946816712","0.0007992983946816712","123:0.002151393923535444;125:0.0033958757457764888","123:68;125:68","123:0.002163913883310442;125:0.0027784989493157275","0.031494140625","Yes"
"125","185.22910694212288","58.481000891522676","0.017578125","0.032470703125","0.002685546875","2584","0.0004958907780311811","36","0.0004958907780311811","0","0.0004958907780311811","0.0004958907780311811","117:0.005323947802373136;124:0.0033958757457764888;126:0.00550386836599992","117:68;124:68;126:68","117:0.003967613383451973;124:0.0027784989493157275;126:0.003307312738541013","0.017578125","Yes"
"126","182.57414106741624","34.79910710730959","0.00830078125","0.015625","0.0009765625","2584","0.0009054430620322956","36","0.0009054430620322956","0","0.0009054430620322956","0.0009054430620322956","127:0.004325334347594217;125:0.00550386836599992","127:68;125:68","127:0.0028623109348945297;125:0.003307312738541013","0.00830078125","Yes"
"127","262.23132620515327","25.49363041013999","0.026123046875","0.034912109375","0.017333984375","2584","0.00031867439188217663","36","0.00031867439188217663","0","0.00031867439188217663","0.00031867439188217663","126:0.004325334347594217;128:0.0026861963663808996;137:0.004434117819903521","126:68;128:68;137:68","126:0.0028623109348945297;128:0.0018271097047142248;137:0.002884373729895806","0.026123046875","Yes"
"128","198.53519373509528","199.56427228847951","0.007080078125","0.013427734375","0.000732421875","2584","0.000492369236230913","36","0.000492369236230913","0","0.000492369236230913","0.000492369236230913","127:0.0026861963663808996;129:0.002827752982229953","127:68;129:68","127:0.0018271097047142248;129:0.002290769173396656","0.007080078125","Yes"
"129","224.5504489583582","240.57448928469023","0.011474609375","0.015625","0.003173828125","2584","0.00042276718330023594","36","0.00042276718330023594","0","0.00042276718330023594","0.00042276718330023594","128:0.002827752982229953;118:0.0013168526318095009","130:68;128:68;118:68","128:0.002290769173396656","0.011474609375","Yes"
"130","322.9729925580698","16.288825214895343","0.4901123046875","0.487548828125","0.49267578125","2584","","36","","0","","","","129:68;131:68","","0.4901123046875","Yes"
"131","48.32438482631887","29.77004334771957","0.00634765625","0.010009765625","0.002685546875","2584","0.00024347904609768657","36","0.00024347904609768657","0","0.00024347904609768657","0.00024347904609768657","138:0.0031889695515122107;132:0.00228449514292392","138:68;130:68;132:68","138:0.0019654929359048112;132:0.0015671774247343617","0.00634765625","Yes"
"132","185.83929280197054","86.49054529405979","0.00537109375","0.0068359375","0.00390625","2584","0.00024582889175144755","36","0.00024582889175144755","0","0.00024582889175144755","0.00024582889175144755","133:0.002388326486548936;131:0.00228449514292392","133:68;131:68","133:0.0016083086357838727;131:0.0015671774247343617","0.00537109375","Yes"
"133","330.95840068163363","207.60010599422776","0.0072021484375","0.00927734375","0.005126953125","2584","0.00023207667175378916","36","0.00023207667175378916","0","0.00023207667175378916","0.00023207667175378916","132:0.002388326486548936;134:0.003253882454002349","132:68;134:80;119:68","132:0.0016083086357838727;134:0.003589545008692574","0.0072021484375","Yes"
"134","327.20988218839796","151.32135004160762","0.019287109375","0.032958984375","0.005615234375","2584","0.0003579770267912603","36","0.0003579770267912603","0","0.0003579770267912603","0.0003579770267912603","133:0.003253882454002349;135:0.00252057516577045","133:80;135:68","133:0.003589545008692574;135:0.0015746627488294196","0.019287109375","Yes"
"135","291.4000780802661","81.59144708463255","0.038818359375","0.03173828125","0.0458984375","2584","0.0002260966182121531","36","0.0002260966182121531","0","0.0002260966182121531","0.0002260966182121531","134:0.00252057516577045;139:0.0014601654505126127","134:68;139:68","134:0.0015746627488294196;139:0.0012287875566928952","0.038818359375","Yes"
"136","234.01593582608976","138.10110543965985","0.0850830078125","0.060302734375","0.10986328125","2584","0.0004473647574381","36","0.0004473647574381","0","0.0004473647574381","0.0004473647574381","123:0.0028831507531508482;143:0.0028671568907893408","123:68;143:68","123:0.0025370036452632416;143:0.0029990679298101397","0.0850830078125","Yes"
"137","207.58108202545614","117.16047252533507","0.0130615234375","0.024658203125","0.00146484375","2584","0.00047317238544395735","36","0.00047317238544395735","0","0.00047317238544395735","0.00047317238544395735","147:0.00310249150201819;127:0.004434117819903521","147:68;127:68","147:0.0023331391320988715;127:0.002884373729895806","0.0130615234375","Yes"
"138","174.4347401760461","156.25176737529566","0.008056640625","0.009033203125","0.007080078125","2584","0.0004256953666656524","36","0.0004256953666656524","0","0.0004256953666656524","0.0004256953666656524","151:0.004500914512388321;131:0.0031889695515122107","151:68;131:68","151:0.0035591795728531217;131:0.0019654929359048112","0.008056640625","Yes"
"139","183.89362011718927","164.55471733134192","0.0140380859375","0.013671875","0.014404296875","2584","0.00029214474826158414","36","0.00029214474826158414","0","0.00029214474826158414","0.00029214474826158414","155:0.0018184225058578696;135:0.0014601654505126127","155:80;135:68","155:0.0016301044125155706;135:0.0012287875566928952","0.0140380859375","Yes"
"140","261.88194914063973","54.58547771886469","0.00830078125","0.014404296875","0.002197265625","2584","0.00022884330098682962","36","0.00022884330098682962","0","0.00022884330098682962","0.00022884330098682962","141:0.0025100728868282796","141:68","141:0.002562914690125956","0.00830078125","Yes"
"141","376.24262412038854","259.7907560464569","0.0191650390625","0.01708984375","0.021240234375","2584","0.000553650511218061","36","0.000553650511218061","0","0.000553650511218061","0.000553650511218061","140:0.0025100728868282796;142:0.0014306554539486593","140:68;142:68","140:0.002562914690125956;142:0.0014478852073230297","0.0191650390625","Yes"
"142","192.2165662991934","195.0995157209685","0.0196533203125","0.019287109375","0.02001953125","2584","0.00033108619564893734","36","0.00033108619564893734","0","0.00033108619564893734","0.00033108619564893734","143:0.0369664808685842;141:0.0014306554539486593","143:68;141:68","143:0.01485209713500693;141:0.0014478852073230297","0.0196533203125","Yes"
"143","165.4770491281336","43.28570114667719","0.048583984375","0.03564453125","0.0615234375","2584","0.01265609863328744","36","0.01265609863328744","0","0.01265609863328744","0.01265609863328744","142:0.0369664808685842;144:0.011719583791963473;136:0.0028671568907893408","142:68;144:68;136:68","142:0.01485209713500693;144:0.008215271604170432;136:0.0029990679298101397","0.048583984375","Yes"
"144","98.09748642130984","58.2620102873307","0.0108642578125","0.014404296875","0.00732421875","2584","0.0010076813921883574","36","0.0010076813921883574","0","0.0010076813921883574","0.0010076813921883574","145:0.009036074183740694;143:0.011719583791963473","145:68;143:68","145:0.004925552220542251;143:0.008215271604170432","0.0108642578125","Yes"
"145","133.64906334514714","112.57564579541477","0.0784912109375","0.0556640625","0.101318359375","2584","0.0003845869423203841","36","0.0003845869423203841","0","0.0003845869423203841","0.0003845869423203841","144:0.009036074183740694;146:0.002447207663097778","144:68;146:68","144:0.004925552220542251;146:0.00190266062792252","0.0784912109375","Yes"
"146","181.16256896727336","66.28120188832727","0.00927734375","0.0302734375","0.0068359375","2584","0.00039902899193106686","36","0.00039902899193106686","0","0.00039902899193106686","0.00039902899193106686","145:0.002447207663097778;147:0.0026201987883629485","145:68;147:68","145:0.00190266062792252;147:0.0015703343936053493","0.00927734375","Yes"
"147","355.14034245194705","158.32663148071038","0.0980224609375","0.06787109375","0.128173828125","2584","0.0001789429445386877","36","0.0001789429445386877","0","0.0001789429445386877","0.0001789429445386877","148:0.001870068574888778;137:0.00310249150201819;146:0.0026201987883629485","148:68;137:68;146:68","148:0.0014410216734138948;137:0.0023331391320988715;146:0.0015703343936053493","0.0980224609375","Yes"
"148","308.91424584791656","150.87899106369278","0.00341796875","0.005126953125","0.001708984375","2584","0.00023389923423127544","36","0.00023389923423127544","0","0.00023389923423127544","0.00023389923423127544","147:0.001870068574888778;149:0.0014311368205066899","147:68;149:68","147:0.0014410216734138948;149:0.0011769489431919522","0.00341796875","Yes"
"149","182.1652159479325","108.60880655939985","0.00830078125","0.01318359375","0.00341796875","2584","0.0002718348242712339","36","0.0002718348242712339","0","0.0002718348242712339","0.0002718348242712339","150:0.0035763765391997326;148:0.0014311368205066899","150:68;148:68","150:0.0011519697259603778;148:0.0011769489431919522","0.00830078125","Yes"
"150","146.75760091630622","110.42965202068322","0.015380859375","0.01904296875","0.01171875","2584","0.00038112973389041964","36","0.00038112973389041964","0","0.00038112973389041964","0.00038112973389041964","149:0.0035763765391997326;151:0.003291528872832322","149:68;151:68","149:0.0011519697259603778;151:0.0034718079568698823","0.015380859375","Yes"
"151","176.9999889059499","62.60879782988295","0.0067138671875","0.01171875","0.001708984375","2584","0.0003819208984621989","36","0.0003819208984621989","0","0.0003819208984621989","0.0003819208984621989","138:0.004500914512388321;152:0.028374601944528288;150:0.003291528872832322","138:68;152:68;150:68","138:0.0035591795728531217;152:0.028723475852376557;150:0.0034718079568698823","0.0067138671875","Yes"
"152","377.06124250669194","235.20864902473946","0.0367431640625","0.018310546875","0.05517578125","2584","0.0002484172413459179","36","0.0002484172413459179","0","0.0002484172413459179","0.0002484172413459179","151:0.028374601944528288;153:0.0024322866726945447","151:68;153:68","151:0.028723475852376557;153:0.00252556355670544","0.0367431640625","Yes"
"153","252.48391956183153","186.36927030088702","0.0050048828125","0.00830078125","0.001708984375","2584","0.00024269513593655367","36","0.00024269513593655367","0","0.00024269513593655367","0.00024269513593655367","152:0.0024322866726945447;154:0.002060512726700603","152:68;154:68","152:0.00252556355670544;154:0.0020283524808231423","0.0050048828125","Yes"
"154","174.10968600927825","18.88026849970956","0.0074462890625","0.009521484375","0.00537109375","2584","0.0008853713199859363","36","0.0008853713199859363","0","0.0008853713199859363","0.0008853713199859363","153:0.002060512726700603;155:0.002165313483154213","153:68;155:68","153:0.0020283524808231423;155:0.0017314903927974357","0.0074462890625","Yes"
"155","228.73558240633955","99.76382401235743","0.0093994140625","0.012939453125","0.005859375","2584","0.0002328824098929955","36","0.0002328824098929955","0","0.0002328824098929955","0.0002328824098929955","139:0.0018184225058578696;154:0.002165313483154213","139:80;154:68","139:0.0016301044125155706;154:0.0017314903927974357","0.0093994140625","Yes"