"Qubit","T1 (us)","T2 (us)","Frequency (GHz)","Anharmonicity (GHz)","Readout assignment error","Prob meas0 prep1","Prob meas1 prep0","Readout length (ns)","ID error","Single-qubit gate length (ns)","Z-axis rotation (rz) error","√x (sx) error","Pauli-X error","ECR error","Gate length (ns)","MEASURE error","Operational"
"0","348.5643560489289","327.9501271008097","4.832160274523856","-0.30860091520604865","0.0184326171875","0.014892578125","0.02197265625","1600","0.0004142695972917201","60","0","0.0004142695972917201","0.0004142695972917201","14:0.0078376025768708","14:660","0.0184326171875","Yes"
"1","519.8163281849138","181.8175401242469","4.734910832235386","-0.3106735526140353","0.099853515625","0.05859375","0.14111328125","1600","0.00023219843017595709","60","0","0.00023219843017595709","0.00023219843017595709","0:0.004096844044530007","0:660","0.099853515625","Yes"
"2","220.82643275842065","170.57041307602566","4.859776978242106","-0.30815586785193605","0.0201416015625","0.015625","0.02001953125","1600","0.00016996093094286759","60","0","0.00016996093094286759","0.00016996093094286759","1:0.00467042533369838;3:0.0051769468117681405","1:660;3:660","0.0201416015625","Yes"
"3","236.45499576981507","100.44520019061596","4.680072932203213","-0.3117956042789839","0.010498046875","0.01025390625","0.0107421875","1600","0.0002725632034272708","60","0","0.0002725632034272708","0.0002725632034272708","4:0.015305874800194547","4:660","0.010498046875","Yes"
"4","297.9868235217781","138.4034750254296","4.8475466145800015","-0.3089581979409952","0.0189208984375","0.01611328125","0.021728515625","1600","0.00017420308605798103","60","0","0.00017420308605798103","0.00017420308605798103","5:0.009776575292206269","5:660","0.0189208984375","Yes"
"5","260.8693863805036","107.9814613894895","4.717283007518952","-0.310577093532681","0.038330078125","0.035400390625","0.041259765625","1600","0.00040930670202271433","60","0","0.00040930670202271433","0.00040930670202271433","","","0.038330078125","Yes"
"6","433.02756758014146","109.18842587631848","4.637523946329637","-0.3106205490386331","0.0361328125","0.03857421875","0.03369140625","1600","0.0002071406016814428","60","0","0.0002071406016814428","0.0002071406016814428","5:0.004927718533179776;7:0.004472256374144834","5:660;7:660","0.0361328125","Yes"
"7","303.80819539785483","33.37177083325157","4.755165716744335","-0.30909078313021016","0.0106201171875","0.01171875","0.009521484375","1600","0.00033858412874899195","60","0","0.00033858412874899195","0.00033858412874899195","8:0.00680795286213734","8:660","0.0106201171875","Yes"
"8","339.9950449786175","49.90936791503068","4.8498075466150095","-0.3089940151149966","0.0762939453125","0.018310546875","0.13427734375","1600","0.0002115228676214567","60","0","0.0002115228676214567","0.0002115228676214567","16:0.011222167126717225","16:660","0.0762939453125","Yes"
"9","375.0777804382155","41.82337642757602","4.593941847901888","-0.31335701694782153","0.124267578125","0.108154296875","0.140380859375","1600","0.00017604728594641583","60","0","0.00017604728594641583","0.00017604728594641583","8:0.01058884826152226;10:0.005983082692320035","8:660;10:660","0.124267578125","Yes"
"10","275.9628029696565","246.49035620301868","4.723121524236388","-0.31036231695754807","0.0343017578125","0.023681640625","0.044921875","1600","0.00012003855161697559","60","0","0.00012003855161697559","0.00012003855161697559","","","0.0343017578125","Yes"
"11","436.5239439488317","15.325872481218203","4.623075804900025","-0.3054330870259268","0.0728759765625","0.0556640625","0.090087890625","1600","0.0016596614787296167","60","0","0.0016596614787296167","0.0016596614787296167","10:0.018872966577904632","10:660","0.0728759765625","Yes"
"12","276.92952256055787","77.5609924604491","4.665394147490446","-0.31179147161747606","0.0560302734375","0.047607421875","0.064453125","1600","0.00014506259842147635","60","0","0.00014506259842147635","0.00014506259842147635","13:0.006689577180797379;17:0.008211035257965432;11:0.026047772119558665","13:660;17:660;11:660","0.0560302734375","Yes"
"13","294.83425782811156","43.00776441393828","4.548368738359528","-0.31263942489957386","0.0120849609375","0.007568359375","0.0166015625","1600","0.00041764493949202904","60","0","0.00041764493949202904","0.00041764493949202904","","","0.0120849609375","Yes"
"14","120.2253692577083","55.82195120953083","4.947118120015398","-0.3068704872695069","0.0263671875","0.022216796875","0.030517578125","1600","0.00031276744734512745","60","0","0.00031276744734512745","0.00031276744734512745","18:0.007645090537549665","18:660","0.0263671875","Yes"
"15","373.3232291524637","261.1844389211141","4.6534232003187315","-0.3123903340927562","0.028564453125","0.038818359375","0.018310546875","1600","0.0010078683321657468","60","0","0.0010078683321657468","0.0010078683321657468","4:0.03517916429225365;22:0.006267425361705714","4:660;22:660","0.028564453125","Yes"
"16","294.0927418446691","141.42674650320214","4.605623991404479","-0.3113554066882175","0.027587890625","0.0302734375","0.02490234375","1600","0.0018680286733980033","60","0","0.0018680286733980033","0.0018680286733980033","","","0.027587890625","Yes"
"17","268.7036799487532","185.8730711129148","4.896402574702242","-0.3069253529005603","0.0185546875","0.01513671875","0.02197265625","1600","0.00024079162618520207","60","0","0.00024079162618520207","0.00024079162618520207","","","0.0185546875","Yes"
"18","320.0431239605502","289.2961040232481","4.861790072760451","-0.3088715365068852","0.0606689453125","0.05859375","0.062744140625","1600","0.00029652978720279424","60","0","0.00029652978720279424","0.00029652978720279424","19:0.029544401735067782","19:372","0.0606689453125","Yes"
"19","287.8574651701414","114.70373129175938","4.613256053897426","-0.31243870301434334","0.0306396484375","0.021484375","0.0400390625","1600","0.00014850567219334637","60","0","0.00014850567219334637","0.00014850567219334637","20:0.01935914938816921","20:660","0.0306396484375","Yes"
"20","310.4247156534975","87.1234906756255","4.850448077866","-0.30788100126352075","0.055419921875","0.0546875","0.05615234375","1600","0.00024863342513035193","60","0","0.00024863342513035193","0.00024863342513035193","21:0.004453838117281755","21:660","0.055419921875","Yes"
"21","254.37616467108384","173.58843258103911","4.677896355780076","-0.3101214218703803","0.030517578125","0.026611328125","0.034423828125","1600","0.00017597125174923073","60","0","0.00017597125174923073","0.00017597125174923073","22:0.0031883301998443525","22:660","0.030517578125","Yes"
"22","431.6335942354182","353.45982607507676","4.736896782646184","-0.3122176733536358","0.0162353515625","0.015625","0.016845703125","1600","0.00015791262989553904","60","0","0.00015791262989553904","0.00015791262989553904","","","0.0162353515625","Yes"
"23","560.0782426525902","174.53105464071595","4.651196467532564","","0.0289306640625","0.032958984375","0.02490234375","1600","0.0003052157281761578","60","0","0.0003052157281761578","0.0003052157281761578","22:0.012100311437442751;24:0.012499555772092164","22:660;24:660","0.0289306640625","Yes"
"24","392.0709461901481","35.94287126787557","4.856169131923248","-0.3079346223460502","0.0223388671875","0.017578125","0.027099609375","1600","0.00017772057295167276","60","0","0.00017772057295167276","0.00017772057295167276","","","0.0223388671875","Yes"
"25","168.0083007377219","13.406912028424463","4.710355451710754","-0.2848927503604122","0.0830078125","0.092529296875","0.073486328125","1600","0.005557265719748261","60","0","0.005557265719748261","0.005557265719748261","24:0.015642790917518218;26:0.016193153856903703","24:660;26:660","0.0830078125","Yes"
"26","177.06226325019333","99.72723511471813","4.756959885507255","-0.31000973903762974","0.022705078125","0.016357421875","0.029052734375","1600","0.0008494807586196389","60","0","0.0008494807586196389","0.0008494807586196389","16:0.015272578211857124;27:0.007160654428745139","16:660;27:660","0.022705078125","Yes"
"27","428.71472740233924","37.79661692128991","4.7971637437252355","-0.31968596136192556","0.040771484375","0.047607421875","0.033935546875","1600","0.0004645564090545357","60","0","0.0004645564090545357","0.0004645564090545357","","","0.040771484375","Yes"
"28","100.02097249097649","19.83764966818739","4.6651743575943385","-0.3106841533411735","0.044921875","0.048095703125","0.041748046875","1600","0.0018080788706517996","60","0","0.0018080788706517996","0.0018080788706517996","27:0.01278085162561432;35:0.0123989565837897","27:660;35:660","0.044921875","Yes"
"29","168.77926240542905","154.14297839163837","4.717147472757534","-0.30977802445004876","0.0277099609375","0.02099609375","0.034423828125","1600","0.00018755864360356917","60","0","0.00018755864360356917","0.00018755864360356917","28:0.007345582283931562;30:0.004577914165544872","28:660;30:660","0.0277099609375","Yes"
"30","297.30443104679875","31.71117683307506","4.796568185301325","-0.30977891218255116","0.0965576171875","0.08544921875","0.107666015625","1600","0.0002114584583212534","60","0","0.0002114584583212534","0.0002114584583212534","31:0.004776646637372761;17:0.005042507772105603","31:660;17:660","0.0965576171875","Yes"
"31","191.9387487732571","171.76428036490904","4.9076837152259785","-0.30756583534654586","0.018798828125","0.015625","0.02197265625","1600","0.0002699697071511165","60","0","0.0002699697071511165","0.0002699697071511165","32:0.006741835461144596","32:660","0.018798828125","Yes"
"32","195.6155577497622","175.18308975125564","5.008963132706225","-0.30520156901294854","0.01708984375","0.010498046875","0.023681640625","1600","0.0003674522050186489","60","0","0.0003674522050186489","0.0003674522050186489","","","0.01708984375","Yes"
"33","436.19274889597074","102.806159730337","4.7975837568792095","-0.3085355870243786","0.0250244140625","0.01611328125","0.033935546875","1600","0.0002022600232871512","60","0","0.0002022600232871512","0.0002022600232871512","20:0.07174775094724822","20:660","0.0250244140625","Yes"
"34","330.1130247388201","168.04332678724768","4.687598054946186","-0.31139369332021377","0.05078125","0.039306640625","0.062255859375","1600","0.0002936437411055364","60","0","0.0002936437411055364","0.0002936437411055364","43:0.007023845690764363;24:0.012891272153414624","43:660;24:660","0.05078125","Yes"
"35","234.61777032250336","23.434492583381314","4.8859521053683945","-0.3078655696247972","0.06298828125","0.04931640625","0.07666015625","1600","0.0002871466588327027","60","0","0.0002871466588327027","0.0002871466588327027","","","0.06298828125","Yes"
"36","339.93111341076974","172.85490058229928","4.948658921325529","-0.30596797313866086","0.0145263671875","0.0087890625","0.019287109375","1600","0.00018765598497301106","60","0","0.00018765598497301106","0.00018765598497301106","51:0.0053732281231171075;32:0.006654076138538051","51:660;32:660","0.0145263671875","Yes"
"37","306.9833152306793","15.91119269118384","4.534893576977589","-0.29177040681340605","0.0540771484375","0.044189453125","0.06396484375","1600","0.001150642533994628","60","0","0.001150642533994628","0.001150642533994628","52:0.020680290824803077","52:660","0.0540771484375","Yes"
"38","325.29275780305505","133.4177504800789","4.715479756209045","-0.30986057752009377","0.022216796875","0.02587890625","0.0185546875","1600","0.0003850900718047868","60","0","0.0003850900718047868","0.0003850900718047868","39:0.02070568455062477;37:0.017606438645504402","39:660;37:660","0.022216796875","Yes"
"39","181.37249763404648","14.305574432844958","4.624032037958186","-0.28585001719002234","0.0673828125","0.06005859375","0.07470703125","1600","0.000930273100535718","60","0","0.000930273100535718","0.000930273100535718","33:0.018720505785787822;40:0.029387884477149878","33:660;40:660","0.0673828125","Yes"
"40","260.89644116633","101.13906557489204","4.8163862057698745","-0.3091327061151583","0.018798828125","0.010986328125","0.026611328125","1600","0.00022461526022190734","60","0","0.00022461526022190734","0.00022461526022190734","41:0.005505619966479747","41:660","0.018798828125","Yes"
"41","311.00681365921565","288.34743872094316","4.677866075452153","-0.3108507756100702","0.034423828125","0.016845703125","0.052001953125","1600","0.00014053637981300572","60","0","0.00014053637981300572","0.00014053637981300572","","","0.034423828125","Yes"
"42","202.61753847365407","195.74716206009472","4.80256682802998","-0.3092111902397467","0.016357421875","0.0146484375","0.01806640625","1600","0.0001896161681902914","60","0","0.0001896161681902914","0.0001896161681902914","41:0.0044735268464143885;43:0.004963088174628205","41:660;43:660","0.016357421875","Yes"
"43","314.8394865537597","207.4089009819732","4.923148139258181","-0.3078613125382503","0.015380859375","0.010009765625","0.020751953125","1600","0.0001399451664088274","60","0","0.0001399451664088274","0.0001399451664088274","","","0.015380859375","Yes"
"44","300.9211762850445","71.53105583085828","4.811415564246297","-0.30871971702871737","0.0205078125","0.019287109375","0.021728515625","1600","0.00036639178963862243","60","0","0.00036639178963862243","0.00036639178963862243","43:0.006915384428997556","43:660","0.0205078125","Yes"
"45","266.58186110383616","166.000571737245","4.599867036806306","-0.31302116112013934","0.042724609375","0.0380859375","0.04736328125","1600","0.00015635372400375327","60","0","0.00015635372400375327","0.00015635372400375327","44:0.005000882314065674","44:660","0.042724609375","Yes"
"46","327.64942330147016","83.22889244051372","4.658461014105285","-0.31246692996630254","0.02197265625","0.0107421875","0.033203125","1600","0.00020765705116860224","60","0","0.00020765705116860224","0.00020765705116860224","45:0.003262709646387807","45:660","0.02197265625","Yes"
"47","315.1347073812913","46.65139599044381","4.800236762888599","-0.3101630942689849","0.029296875","0.033203125","0.025390625","1600","0.0004617154633725596","60","0","0.0004617154633725596","0.0004617154633725596","35:0.005043796655860661;46:0.004431140775680631","35:660;46:660","0.029296875","Yes"
"48","446.8746993635016","236.6500292200891","4.755082361050748","-0.30932393852768447","0.0316162109375","0.04052734375","0.022705078125","1600","0.00013271316597730716","60","0","0.00013271316597730716","0.00013271316597730716","47:0.009384801736889686;49:0.011883573493843141","47:660;49:660","0.0316162109375","Yes"
"49","123.42858646665722","19.95388688116609","4.958547020858585","-0.3073761509923654","0.0198974609375","0.0244140625","0.015380859375","1600","0.000295442445377036","60","0","0.000295442445377036","0.000295442445377036","55:0.007823857086128011;50:0.010379086663909798","55:660;50:660","0.0198974609375","Yes"
"50","219.68426561185342","90.71427952599817","4.8150488151134505","-0.3083436301833214","0.04931640625","0.042724609375","0.055908203125","1600","0.00018343028740450595","60","0","0.00018343028740450595","0.00018343028740450595","","","0.04931640625","Yes"
"51","264.8318051103661","209.56922189324922","4.757868020173279","-0.30936293919581115","0.0592041015625","0.03759765625","0.080810546875","1600","0.0001566211354013465","60","0","0.0001566211354013465","0.0001566211354013465","50:0.006751159701165438","50:660","0.0592041015625","Yes"
"52","194.9207954054037","55.84762538531538","4.749963640821261","-0.3097333569449071","0.0377197265625","0.0400390625","0.035400390625","1600","0.00026232171207075857","60","0","0.00026232171207075857","0.00026232171207075857","","","0.0377197265625","Yes"
"53","232.3528862332068","68.39970919094363","4.934403871743654","-0.30614628774420294","0.0380859375","0.03955078125","0.045166015625","1600","0.0003623028102379477","60","0","0.0003623028102379477","0.0003623028102379477","41:0.007214452118927711;60:0.02734645716054243","41:660;60:660","0.0380859375","Yes"
"54","350.8633672656157","164.35222674761084","4.746710012991229","-0.312103878074553","0.021240234375","0.01904296875","0.0234375","1600","0.00014298900299076375","60","0","0.00014298900299076375","0.00014298900299076375","45:0.006477747427082042","45:660","0.021240234375","Yes"
"55","219.2491857836297","246.6826508360416","4.884238622114145","-0.3074389359843561","0.0345458984375","0.029296875","0.039794921875","1600","0.0002122020770902691","60","0","0.0002122020770902691","0.0002122020770902691","68:0.006485797656225589","68:660","0.0345458984375","Yes"
"56","139.2034424078188","151.515680913305","4.971811101913471","-0.3066984072593116","0.0181884765625","0.02001953125","0.016357421875","1600","0.00039749350488309563","60","0","0.00039749350488309563","0.00039749350488309563","57:0.03946423882093322;52:0.023607704346324726","57:660;52:660","0.0181884765625","Yes"
"57","209.75113513018226","21.08121414360269","4.751461621851533","-0.30930834476051017","0.0113525390625","0.007568359375","0.01513671875","1600","0.00042996201867681014","60","0","0.00042996201867681014","0.00042996201867681014","58:0.02594960029188295","58:660","0.0113525390625","Yes"
"58","299.0389574908029","153.3769671655232","4.855366274754234","-0.30870592613778314","0.0133056640625","0.014892578125","0.01171875","1600","0.0001860186749483052","60","0","0.0001860186749483052","0.0001860186749483052","","","0.0133056640625","Yes"
"59","216.9179634924908","111.84790149755035","4.701453276125555","-0.30987297232409344","0.012939453125","0.01171875","0.01416015625","1600","0.00043383731854514817","60","0","0.00043383731854514817","0.00043383731854514817","58:0.0228371930460608;60:0.026840475920866608","58:660;60:660","0.012939453125","Yes"
"60","249.1812616200635","63.283101249620856","4.844612575160362","-0.3086378714268149","0.0137939453125","0.0078125","0.019775390625","1600","0.00019498179959723583","60","0","0.00019498179959723583","0.00019498179959723583","61:0.01940658558116476","61:660","0.0137939453125","Yes"
"61","270.0065402287925","220.61119156389026","4.791292993382463","-0.3089933751290032","0.009521484375","0.010986328125","0.008056640625","1600","0.00015394121387092812","60","0","0.00015394121387092812","0.00015394121387092812","62:0.005444394030239497","62:660","0.009521484375","Yes"
"62","237.64376498698448","177.62913387637167","4.6827081724842206","-0.3107628812666313","0.0184326171875","0.016357421875","0.0205078125","1600","0.00019992470629815598","60","0","0.00019992470629815598","0.00019992470629815598","","","0.0184326171875","Yes"
"63","116.06709920043502","116.49184985496238","4.7619010328683276","-0.31004626423994786","0.01513671875","0.016845703125","0.013427734375","1600","0.00022819747714273133","60","0","0.00022819747714273133","0.00022819747714273133","62:0.010327299580948107;64:0.012838422523187426","62:660;64:660","0.01513671875","Yes"
"64","93.19064760704377","59.954760863641084","4.977564654012937","-0.30711821418459645","0.0172119140625","0.011474609375","0.02294921875","1600","0.0003449312251659339","60","0","0.0003449312251659339","0.0003449312251659339","54:0.006492969506067425","54:660","0.0172119140625","Yes"
"65","316.13329104116616","156.5777293420575","4.801859555545025","-0.3079909228056931","0.0250244140625","0.018798828125","0.03125","1600","0.00023226042142985063","60","0","0.00023226042142985063","0.00023226042142985063","64:0.012846374809494965","64:660","0.0250244140625","Yes"
"66","255.73937389929","157.93756053189327","4.871240243078849","-0.30852944230920076","0.0863037109375","0.080810546875","0.091796875","1600","0.00021024839585910037","60","0","0.00021024839585910037","0.00021024839585910037","73:0.02143082190052706;65:0.007815962568014284;67:0.008755263833215593","73:660;65:660;67:660","0.0863037109375","Yes"
"67","341.7182718501921","67.06552614971233","4.793626898491303","-0.30952495731223595","0.1094970703125","0.110107421875","0.10888671875","1600","0.00019672892400480433","60","0","0.00019672892400480433","0.00019672892400480433","68:0.007656344911993046","68:660","0.1094970703125","Yes"
"68","198.261951870935","60.814000685261306","5.043124503487924","-0.30500623650344527","0.0257568359375","0.020751953125","0.03076171875","1600","0.00025867613395226513","60","0","0.00025867613395226513","0.00025867613395226513","","","0.0257568359375","Yes"
"69","173.9733127167866","92.14675210398167","4.887452457666003","-0.30735510338085625","0.0875244140625","0.140625","0.034423828125","1600","0.0024748651362551492","60","0","0.0024748651362551492","0.0024748651362551492","68:0.03496387160837361;70:0.04534945809521587","68:660;70:660","0.0875244140625","Yes"
"70","405.10475184152665","146.32631800441322","4.822596271258717","-0.30829680465134995","0.113525390625","0.08984375","0.15234375","1600","0.0002487510338202832","60","0","0.0002487510338202832","0.0002487510338202832","","","0.113525390625","Yes"
"71","149.9904925491818","158.87740589169147","4.751662592233333","-0.3097318915397958","0.0224609375","0.017333984375","0.027587890625","1600","0.0002852419869331877","60","0","0.0002852419869331877","0.0002852419869331877","58:0.013039091199862518","58:660","0.0224609375","Yes"
"72","254.09032589604448","38.97931683387674","4.949446986820729","-0.3068859707445303","0.16015625","0.031982421875","0.288330078125","1600","0.0002522748299325795","60","0","0.0002522748299325795","0.0002522748299325795","81:0.005739468663400499;62:0.0066577666101226285","81:660;62:660","0.16015625","Yes"
"73","258.46807203811164","169.83791035808648","4.752954637833744","-0.30978559929392785","0.022216796875","0.020263671875","0.024169921875","1600","0.00017050601806686442","60","0","0.00017050601806686442","0.00017050601806686442","85:0.01125535799783417","85:660","0.022216796875","Yes"
"74","209.6101764215946","154.2087895331278","4.750329894843081","-0.309208739533841","0.0335693359375","0.035400390625","0.03173828125","1600","0.00020139378875999993","60","0","0.00020139378875999993","0.00020139378875999993","70:0.004595138925103798;89:0.006544188608820833","70:660;89:660","0.0335693359375","Yes"
"75","208.50307851266757","43.92077613067687","4.861815743551236","-0.3073400666893039","0.0228271484375","0.023193359375","0.0224609375","1600","0.00043539158446142206","60","0","0.00043539158446142206","0.00043539158446142206","","","0.0228271484375","Yes"
"76","220.77318240960656","205.09671909305055","4.939244428545406","-0.30750720610086735","0.01416015625","0.012939453125","0.015380859375","1600","0.00024023454912109967","60","0","0.00024023454912109967","0.00024023454912109967","75:0.007860676972712088","75:660","0.01416015625","Yes"
"77","231.5014765298316","87.22198981094502","4.827490220775925","-0.3097125098855301","0.017333984375","0.024169921875","0.010498046875","1600","0.00028142135153989573","60","0","0.00028142135153989573","0.00028142135153989573","76:0.0063172216821494875;71:0.012180402745983754","76:660;71:660","0.017333984375","Yes"
"78","184.26977683589078","96.03860800144437","4.792216753966219","-0.30890316850677096","0.0203857421875","0.0166015625","0.024169921875","1600","0.0002651252045697139","60","0","0.0002651252045697139","0.0002651252045697139","77:0.005594516947642153","77:660","0.0203857421875","Yes"
"79","163.84488805887","39.275736221597214","4.869803104829439","-0.3085467634046332","0.0439453125","0.0263671875","0.0615234375","1600","0.0013284686097718586","60","0","0.0013284686097718586","0.0013284686097718586","78:0.008724899701982647;91:0.02316406922481337","78:660;91:660","0.0439453125","Yes"
"80","190.790484072651","100.26766377742186","4.831271858978952","-0.3083070407011","0.0355224609375","0.03564453125","0.035400390625","1600","0.00046032331078242085","60","0","0.00046032331078242085","0.00046032331078242085","79:0.00875899224607296","79:660","0.0355224609375","Yes"
"81","230.58317583712528","207.7507209644655","4.697752681094946","-0.31086659359752655","0.03955078125","0.050537109375","0.028564453125","1600","0.00018891427592916413","60","0","0.00018891427592916413","0.00018891427592916413","80:0.007458138456082064","80:660","0.03955078125","Yes"
"82","260.81301557094343","51.48206230113365","4.951976222510667","-0.3068207625988667","0.107177734375","0.0693359375","0.14501953125","1600","0.0007491353686775046","60","0","0.0007491353686775046","0.0007491353686775046","81:0.006932980162022762;83:0.005979184289612055","81:660;83:660","0.107177734375","Yes"
"83","198.3449127629145","137.1300429582245","5.014536085739091","-0.3069501779452577","0.0272216796875","0.019775390625","0.03466796875","1600","0.0002490893438439344","60","0","0.0002490893438439344","0.0002490893438439344","","","0.0272216796875","Yes"
"84","267.07299673509567","64.11437239505264","4.905828065677804","-0.3067980449106979","0.0213623046875","0.01513671875","0.027587890625","1600","0.00037221392344658437","60","0","0.00037221392344658437","0.00037221392344658437","83:0.00529637832255872;85:0.007537520617418192","83:660;85:660","0.0213623046875","Yes"
"85","205.4123631719884","199.74143150917766","4.859559607478737","-0.30863044712933246","0.01171875","0.0078125","0.015625","1600","0.00023479903055752117","60","0","0.00023479903055752117","0.00023479903055752117","","","0.01171875","Yes"
"86","239.02116229112264","172.94026046540063","4.701234464785827","-0.31071005242081995","0.0185546875","0.0234375","0.013671875","1600","0.00022995503092468147","60","0","0.00022995503092468147","0.00022995503092468147","85:0.006042037632514069;87:0.010042409734091345","85:660;87:660","0.0185546875","Yes"
"87","312.3252991604422","221.60918176381398","4.6660168822578765","-0.31178405546432586","0.0435791015625","0.03662109375","0.048828125","1600","0.00019802690462393258","60","0","0.00019802690462393258","0.00019802690462393258","93:0.005033177341227019","93:660","0.0435791015625","Yes"
"88","181.64692820071892","27.99367857203653","4.806084870734958","-0.3090566471901403","0.0531005859375","0.035888671875","0.0703125","1600","0.0009521293522730421","60","0","0.0009521293522730421","0.0009521293522730421","87:0.00786098147930886;89:0.006819632893509009","87:660;89:660","0.0531005859375","Yes"
"89","429.84198061317414","245.6121173778832","4.61189258180451","-0.3120623117862136","0.0457763671875","0.029052734375","0.0625","1600","0.00014028801558583633","60","0","0.00014028801558583633","0.00014028801558583633","","","0.0457763671875","Yes"
"90","371.1998648529037","76.99678927608977","4.710956948516662","-0.3099694238593608","0.026123046875","0.0244140625","0.02783203125","1600","0.00031402591035880424","60","0","0.00031402591035880424","0.00031402591035880424","94:0.0033830952671935477;75:0.006213517219440912","94:660;75:660","0.026123046875","Yes"
"91","254.1597420452002","15.629304151136191","4.983683506932003","-0.36918699668251537","0.202392578125","0.1044921875","0.30029296875","1600","0.001987851578659464","60","0","0.001987851578659464","0.001987851578659464","98:0.16150701346053487","98:660","0.202392578125","Yes"
"92","314.4925585925599","41.38325173211051","4.771797515033858","-0.3094332092151604","0.01708984375","0.016357421875","0.017822265625","1600","0.0006543598671611619","60","0","0.0006543598671611619","0.0006543598671611619","83:0.007675610043842013;102:0.007655727904872983","83:660;102:660","0.01708984375","Yes"
"93","150.05900631764248","127.23192806221584","4.787550705960153","-0.30884806165403966","0.04296875","0.064208984375","0.021728515625","1600","0.00023684588147296774","60","0","0.00023684588147296774","0.00023684588147296774","","","0.04296875","Yes"
"94","104.49848586794617","113.4248799759394","4.80935225735291","-0.30907384238092234","0.007080078125","0.008544921875","0.005615234375","1600","0.0005283451734225962","60","0","0.0005283451734225962","0.0005283451734225962","","","0.007080078125","Yes"
"95","195.90611100194582","168.98557453186268","4.74348676123257","-0.3100716595194284","0.0089111328125","0.008056640625","0.009765625","1600","0.00019558160121839872","60","0","0.00019558160121839872","0.00019558160121839872","94:0.0035080094620204005;96:0.007503754929175183","94:660;96:660","0.0089111328125","Yes"
"96","135.1570615104363","86.68030974954688","4.873821056963533","-0.3076167709526163","0.01611328125","0.010986328125","0.021240234375","1600","0.0003201884956494669","60","0","0.0003201884956494669","0.0003201884956494669","97:0.017156481823977082;109:0.007105637529614434","97:660;109:660","0.01611328125","Yes"
"97","201.35388325921545","14.996015608972883","4.67005141625339","-0.37893034503896755","0.0987548828125","0.073974609375","0.12353515625","1600","0.0010786300274523116","60","0","0.0010786300274523116","0.0010786300274523116","","","0.0987548828125","Yes"
"98","289.28663984421837","46.20194462785553","4.934923873310742","-0.3072350372364682","0.10888671875","0.082763671875","0.135009765625","1600","0.0014294462592687655","60","0","0.0014294462592687655","0.0014294462592687655","","97:660","0.10888671875","Yes"
"99","259.90410468863803","69.89922562150223","4.80747503562486","-0.30824893727678815","0.0396728515625","0.04052734375","0.038818359375","1600","0.00034801981875614104","60","0","0.00034801981875614104","0.00034801981875614104","100:0.005862600737720769;98:0.017685866149468932","100:660;98:660","0.0396728515625","Yes"
"100","145.38200808178453","100.07090751151175","4.747578181819818","-0.3099078705652482","0.0399169921875","0.038818359375","0.041015625","1600","0.0003684912355269274","60","0","0.0003684912355269274","0.0003684912355269274","","","0.0399169921875","Yes"
"101","158.17509969387643","93.4679609624037","4.99053953407821","-0.306444397256142","0.0286865234375","0.01025390625","0.047119140625","1600","0.00020582942039197946","60","0","0.00020582942039197946","0.00020582942039197946","100:0.005398275532067204;102:0.008341947288966839","100:660;102:660","0.0286865234375","Yes"
"102","318.7518663612123","122.3525267015332","4.922529477188543","-0.3074867003835158","0.030517578125","0.02978515625","0.03125","1600","0.0008933903213949654","60","0","0.0008933903213949654","0.0008933903213949654","103:0.005056333624802983","103:660","0.030517578125","Yes"
"103","292.52805745339583","57.7276795551004","4.839524977488515","-0.30716759041448993","0.082763671875","0.084228515625","0.081298828125","1600","0.0004667066246822946","60","0","0.0004667066246822946","0.0004667066246822946","104:0.006079902714652252","104:660","0.082763671875","Yes"
"104","301.10354046267673","121.67749850626431","4.906229843184751","-0.30828398725520767","0.017333984375","0.0126953125","0.017578125","1600","0.00024082534077348946","60","0","0.00024082534077348946","0.00024082534077348946","105:0.006733519132013005","105:660","0.017333984375","Yes"
"105","264.20807486961246","70.91082794057506","4.66173306121812","-0.31082105389102754","0.0697021484375","0.0986328125","0.040771484375","1600","0.00048285358495192576","60","0","0.00048285358495192576","0.00048285358495192576","106:0.008229312921533838","106:660","0.0697021484375","Yes"
"106","192.895430631206","185.60290441847434","4.923864181390457","-0.3069958315991505","0.025634765625","0.023681640625","0.027587890625","1600","0.00016119849053460814","60","0","0.00016119849053460814","0.00016119849053460814","93:0.0058043665567766856;107:0.005446992169256343","93:660;107:660","0.025634765625","Yes"
"107","222.60380489122016","167.9501310741833","4.964141487444534","-0.3060643246904622","0.0406494140625","0.026611328125","0.0546875","1600","0.00031710211443033596","60","0","0.00031710211443033596","0.00031710211443033596","108:0.00934666038884377","108:660","0.0406494140625","Yes"
"108","208.00220364901173","25.97251096612484","4.821886309093397","-0.2949420457953613","0.054931640625","0.05126953125","0.05859375","1600","0.0010581548912805818","60","0","0.0010581548912805818","0.0010581548912805818","","","0.054931640625","Yes"
"109","176.1179600634861","57.179940659450786","4.993819922336007","-0.305720115996645","0.0179443359375","0.011474609375","0.0244140625","1600","0.00026302910299189205","60","0","0.00026302910299189205","0.00026302910299189205","114:0.01101016821095635","114:660","0.0179443359375","Yes"
"110","218.0069917755676","218.70164628128114","4.989204174836103","-0.30588796504693644","0.035400390625","0.022705078125","0.048095703125","1600","0.00021349800023556957","60","0","0.00021349800023556957","0.00021349800023556957","118:0.007185308424457415;100:0.004815838444957615","118:660;100:660","0.035400390625","Yes"
"111","145.15206630659242","161.51173310171157","4.8694446457269915","-0.3079400626926404","0.025634765625","0.019775390625","0.031494140625","1600","0.0005108164063069039","60","0","0.0005108164063069039","0.0005108164063069039","104:0.00867165869327366;122:0.09369600201762918","104:660;122:660","0.025634765625","Yes"
"112","300.2820403510163","102.12126218504056","4.86344029998094","-0.30748543555920793","0.028564453125","0.0283203125","0.02880859375","1600","0.0002439267306655409","60","0","0.0002439267306655409","0.0002439267306655409","108:0.013620664021140788","108:660","0.028564453125","Yes"
"113","260.6621372660808","237.6218488998871","4.833695283006001","-0.3092919791308059","0.025390625","0.01904296875","0.03173828125","1600","0.0002761794732830873","60","0","0.0002761794732830873","0.0002761794732830873","114:0.021464125377625626","114:660","0.025390625","Yes"
"114","165.88791592498444","23.933972753163648","5.084787612661778","-0.30448707785321494","0.153564453125","0.031005859375","0.276123046875","1600","0.0014658508838836632","60","0","0.0014658508838836632","0.0014658508838836632","","","0.153564453125","Yes"
"115","222.11718787692203","12.304298579500907","4.831879612291083","-0.3084662939367489","0.0333251953125","0.02392578125","0.042724609375","1600","0.000508468080774324","60","0","0.000508468080774324","0.000508468080774324","114:0.02849989836812636","114:660","0.0333251953125","Yes"
"116","267.29008256394377","43.56865778608432","5.004432670732467","-0.30529127817473867","0.019287109375","0.01220703125","0.0263671875","1600","0.0002152914744955086","60","0","0.0002152914744955086","0.0002152914744955086","115:0.008021960272485418","115:660;117:660","0.019287109375","Yes"
"117","220.4696826186106","13.88336918140724","4.819976005387569","-0.30793455769315914","0.1083984375","0.052001953125","0.164794921875","1600","0.00048295261885332447","60","0","0.00048295261885332447","0.00048295261885332447","","","0.1083984375","Yes"
"118","180.1960649007981","43.51388170500268","4.891018329242528","-0.3081199779354357","0.01416015625","0.00927734375","0.01904296875","1600","0.00029495438144994546","60","0","0.00029495438144994546","0.00029495438144994546","117:0.011687089539963169;119:0.008230948589393827","117:660;119:660","0.01416015625","Yes"
"119","237.85658677397217","220.52952038263192","5.107802265231092","-0.3047984938795036","0.0234375","0.013916015625","0.032958984375","1600","0.00019284958589289416","60","0","0.00019284958589289416","0.00019284958589289416","","","0.0234375","Yes"
"120","217.0486341054321","195.22586086830034","4.960139685116797","-0.3056954733082303","0.021240234375","0.013916015625","0.028564453125","1600","0.0001929216055308565","60","0","0.0001929216055308565","0.0001929216055308565","119:0.005414824119082923;121:0.005794343474646829","119:660;121:660","0.021240234375","Yes"
"121","343.4392302349806","274.6313294150135","4.8485745576293695","-0.30898414340606517","0.0120849609375","0.0087890625","0.012939453125","1600","0.00014157711758478264","60","0","0.00014157711758478264","0.00014157711758478264","122:0.10428175671729917","122:660","0.0120849609375","Yes"
"122","178.1410136220991","24.746068686663914","5.069849624593236","-0.30443291332695616","0.0233154296875","0.020751953125","0.02587890625","1600","0.00028278642737407004","60","0","0.00028278642737407004","0.00028278642737407004","","","0.0233154296875","Yes"
"123","253.83094446511558","49.17230023071133","4.868567470648641","-0.30751603403749017","0.01953125","0.015869140625","0.023193359375","1600","0.000282129495471431","60","0","0.000282129495471431","0.000282129495471431","122:0.02841159489155684","122:660","0.01953125","Yes"
"124","275.90400644693415","192.2289795451352","4.914377796624267","-0.30684570885948736","0.0244140625","0.0244140625","0.0244140625","1600","0.00019268300466595713","60","0","0.00019268300466595713","0.00019268300466595713","123:0.0044409843229735735;125:0.005112193046923064","123:660;125:660","0.0244140625","Yes"
"125","197.58436830336004","132.16571197630626","4.992450986761173","-0.3060209291104264","0.0205078125","0.022705078125","0.018310546875","1600","0.00018863750234286792","60","0","0.00018863750234286792","0.00018863750234286792","","","0.0205078125","Yes"
"126","164.25517748074287","29.218892103447732","4.950292754890009","-0.29245643145846556","0.0694580078125","0.057861328125","0.0810546875","1600","0.0006610842144076893","60","0","0.0006610842144076893","0.0006610842144076893","112:0.013545834598972739;125:0.012525995785035382","112:660;125:660","0.0694580078125","Yes"