"Qubit","T1 (us)","T2 (us)","Readout assignment error","Prob meas0 prep1","Prob meas1 prep0","Readout length (ns)","ID error","Single-qubit gate length (ns)","RX error","Z-axis rotation (rz) error","√x (sx) error","Pauli-X error","Gate length (ns)","CZ error","RZZ error","MEASURE error","Operational"
"0","53.10447134429558","51.88678657823437","0.01806640625","0.02783203125","0.00830078125","1560","0.001733362180197634","24","0.001733362180197634","0","0.001733362180197634","0.001733362180197634","1:68","1:0.007939694266389297","1:0.011474625674989747","0.01806640625","Yes"
"1","211.57256042064148","223.1034605962857","0.0242919921875","0.03564453125","0.012939453125","1560","0.0003688788197153148","24","0.0003688788197153148","0","0.0003688788197153148","0.0003688788197153148","2:68;0:68","2:0.0026850499142564155;0:0.007939694266389297","2:0.0017845268790924185;0:0.011474625674989747","0.0242919921875","Yes"
"2","128.59697392923047","122.01301328236131","0.0057373046875","0.0078125","0.003662109375","1560","0.00017854276546034952","24","0.00017854276546034952","0","0.00017854276546034952","0.00017854276546034952","1:68;3:68","1:0.0026850499142564155;3:0.0027546329652048396","1:0.0017845268790924185;3:0.002801327586457042","0.0057373046875","Yes"
"3","233.87490531698435","278.7295565202519","0.039794921875","0.0458984375","0.03369140625","1560","0.00017767388599840552","24","0.00017767388599840552","0","0.00017767388599840552","0.00017767388599840552","16:68;2:68;4:68","16:0.0031921006552584064;2:0.0027546329652048396;4:0.0028710243569997074","16:0.0024295496000289463;2:0.002801327586457042;4:0.0031725072192475834","0.039794921875","Yes"
"4","156.9041661068277","105.16692129911615","0.0093994140625","0.013916015625","0.0048828125","1560","0.00022561959881603247","24","0.00022561959881603247","0","0.00022561959881603247","0.00022561959881603247","3:68;5:68","3:0.0028710243569997074;5:0.0026491114437831864","3:0.0031725072192475834;5:0.0022758915767361887","0.0093994140625","Yes"
"5","118.70693533167324","105.5966094370808","0.0472412109375","0.05419921875","0.040283203125","1560","0.0003700149352617195","24","0.0003700149352617195","0","0.0003700149352617195","0.0003700149352617195","6:68;4:68","6:0.011493956652594728;4:0.0026491114437831864","6:0.007199176091951753;4:0.0022758915767361887","0.0472412109375","Yes"
"6","192.89694822670418","170.1296581961268","0.0242919921875","0.01904296875","0.029541015625","1560","0.0002915214276570425","24","0.0002915214276570425","0","0.0002915214276570425","0.0002915214276570425","5:68;7:68","5:0.011493956652594728;7:0.0020431665842529367","5:0.007199176091951753;7:0.002368117768132838","0.0242919921875","Yes"
"7","132.2203159930219","40.86967543418141","0.028076171875","0.034912109375","0.021240234375","1560","0.00037604324443715466","24","0.00037604324443715466","0","0.00037604324443715466","0.00037604324443715466","17:68;6:68;8:68","17:0.002291607986340427;6:0.0020431665842529367;8:0.002980624532037457","17:0.0027360846658501525;6:0.002368117768132838;8:0.0033236715724808963","0.028076171875","Yes"
"8","189.13489994897677","36.131005867088334","0.006591796875","0.008056640625","0.005126953125","1560","0.00033660277719495377","24","0.00033660277719495377","0","0.00033660277719495377","0.00033660277719495377","9:68;7:68","9:0.002452534774032733;7:0.002980624532037457","9:0.0023456717674608663;7:0.0033236715724808963","0.006591796875","Yes"
"9","145.73613262353282","20.203915904047822","0.0087890625","0.0107421875","0.0068359375","1560","0.00022140552019397862","24","0.00022140552019397862","0","0.00022140552019397862","0.00022140552019397862","8:68;10:68","8:0.002452534774032733;10:0.0014968542481587355","8:0.0023456717674608663;10:0.0014024795759815523","0.0087890625","Yes"
"10","157.4051023555365","118.71775776520309","0.0067138671875","0.0078125","0.005615234375","1560","0.00014058929372754732","24","0.00014058929372754732","0","0.00014058929372754732","0.00014058929372754732","9:68;11:68","9:0.0014968542481587355;11:0.010134996123023876","9:0.0014024795759815523;11:0.010204106456528278","0.0067138671875","Yes"
"11","36.26516350699459","4.788501331414062","0.060302734375","0.095458984375","0.025146484375","1560","0.002535660085311178","24","0.002535660085311178","0","0.002535660085311178","0.002535660085311178","18:68;10:68;12:68","18:0.012257748867005869;10:0.010134996123023876;12:0.008009755454457618","18:0.01094454646585269;10:0.010204106456528278;12:0.009232762347768458","0.060302734375","Yes"
"12","79.27077099249315","82.78903159068706","0.020263671875","0.03076171875","0.009765625","1560","0.0002886138720171307","24","0.0002886138720171307","0","0.0002886138720171307","0.0002886138720171307","13:68;11:68","13:0.005468658008889793;11:0.008009755454457618","13:0.002831754904645989;11:0.009232762347768458","0.020263671875","Yes"
"13","126.85464425210843","122.23355459291612","0.0169677734375","0.015625","0.018310546875","1560","0.0002441489269338216","24","0.0002441489269338216","0","0.0002441489269338216","0.0002441489269338216","12:68;14:68","12:0.005468658008889793;14:0.0018925109136284923","12:0.002831754904645989;14:0.0012487887522927288","0.0169677734375","Yes"
"14","167.31846842621536","55.74386165609149","0.006591796875","0.008056640625","0.005126953125","1560","0.00025476250457718457","24","0.00025476250457718457","0","0.00025476250457718457","0.00025476250457718457","15:68;13:68","15:0.0018778027343104298;13:0.0018925109136284923","15:0.001564183771542188;13:0.0012487887522927288","0.006591796875","Yes"
"15","340.49744697569815","214.72425450724836","0.0205078125","0.0146484375","0.0263671875","1560","0.00022810688932864022","24","0.00022810688932864022","0","0.00022810688932864022","0.00022810688932864022","14:68;19:68","14:0.0018778027343104298;19:0.0024541051135735514","14:0.001564183771542188;19:0.002755843034923683","0.0205078125","Yes"
"16","130.84775754443004","112.88737679910075","0.0079345703125","0.01123046875","0.004638671875","1560","0.0004111615237773905","24","0.0004111615237773905","0","0.0004111615237773905","0.0004111615237773905","23:68;3:68","23:0.0036058012361459835;3:0.0031921006552584064","23:0.0035355936846827585;3:0.0024295496000289463","0.0079345703125","Yes"
"17","200.93323551412118","95.53159124748487","0.07421875","0.061767578125","0.086669921875","1560","0.00024044867756067815","24","0.00024044867756067815","0","0.00024044867756067815","0.00024044867756067815","7:68;27:68","7:0.002291607986340427;27:0.03063670839719948","7:0.0027360846658501525;27:0.042587873995225844","0.07421875","Yes"
"18","156.3370554036387","77.1809028781399","0.006103515625","0.008056640625","0.004150390625","1560","0.00037628397463109126","24","0.00037628397463109126","0","0.00037628397463109126","0.00037628397463109126","11:68;31:68","11:0.012257748867005869;31:0.002870146851837091","11:0.01094454646585269;31:0.0022666240635263457","0.006103515625","Yes"
"19","156.71221689839103","144.78381535687527","0.0120849609375","0.011962890625","0.01220703125","1560","0.0006031663540217932","24","0.0006031663540217932","0","0.0006031663540217932","0.0006031663540217932","35:68;15:68","35:0.002134118708528948;15:0.0024541051135735514","35:0.0022266736752437344;15:0.002755843034923683","0.0120849609375","Yes"
"20","136.73057278319826","161.3100098412894","0.0218505859375","0.02978515625","0.013916015625","1560","0.00024164128583413087","24","0.00024164128583413087","0","0.00024164128583413087","0.00024164128583413087","21:68","21:0.010660043624804494","21:0.004865785122178667","0.0218505859375","Yes"
"21","97.60983359783492","115.82390893137433","0.0111083984375","0.01806640625","0.004150390625","1560","0.00032311909212971816","24","0.00032311909212971816","0","0.00032311909212971816","0.00032311909212971816","36:68;20:68;22:68","36:0.006754271111733379;20:0.010660043624804494;22:0.0025951807804156513","36:0.004565945937831328;20:0.004865785122178667;22:0.002079747510710328","0.0111083984375","Yes"
"22","171.35716763696283","130.60799722580103","0.0064697265625","0.007568359375","0.00537109375","1560","0.0024012826333183333","24","0.0024012826333183333","0","0.0024012826333183333","0.0024012826333183333","23:68;21:68","23:0.0015235002620689886;21:0.0025951807804156513","23:0.0020614054657392966;21:0.002079747510710328","0.0064697265625","Yes"
"23","126.46692879440444","147.60219787475768","0.008056640625","0.013671875","0.00244140625","1560","0.00018126006716682937","24","0.00018126006716682937","0","0.00018126006716682937","0.00018126006716682937","22:68;24:68;16:68","22:0.0015235002620689886;24:0.016662679861619595;16:0.0036058012361459835","22:0.0020614054657392966;24:0.010170712463430931;16:0.0035355936846827585","0.008056640625","Yes"
"24","99.7003095698038","115.4385131893268","0.0181884765625","0.02490234375","0.011474609375","1560","0.0027222373377423148","24","0.0027222373377423148","0","0.0027222373377423148","0.0027222373377423148","23:68;25:68","23:0.016662679861619595;25:0.047830795699864925","23:0.010170712463430931;25:0.031876002208179516","0.0181884765625","Yes"
"25","183.78951755389525","131.51013495538442","0.01953125","0.02294921875","0.01611328125","1560","0.00016406925659719274","24","0.00016406925659719274","0","0.00016406925659719274","0.00016406925659719274","24:68;26:68;37:68","24:0.047830795699864925;26:0.0021631242451748967;37:0.002051385753658347","24:0.031876002208179516;26:0.0017297374973411495;37:0.0019973289288011398","0.01953125","Yes"
"26","115.1393813520299","98.02708584021809","0.014892578125","0.014892578125","0.014892578125","1560","0.0002283882507235021","24","0.0002283882507235021","0","0.0002283882507235021","0.0002283882507235021","25:68;27:68","25:0.0021631242451748967;27:0.02933686164595073","25:0.0017297374973411495;27:0.029243666089776382","0.014892578125","Yes"
"27","128.41651517007998","126.86063967077446","0.017578125","0.01904296875","0.0087890625","1560","0.004993090886874547","24","0.004993090886874547","0","0.004993090886874547","0.004993090886874547","26:68;28:68;17:68","26:0.02933686164595073;17:0.03063670839719948","26:0.029243666089776382;17:0.042587873995225844","0.017578125","Yes"
"28","117.3826912166629","127.19679299603689","0.0103759765625","0.01220703125","0.008544921875","1560","0.00027203828782327894","24","0.00027203828782327894","0","0.00027203828782327894","0.00027203828782327894","27:68;29:68","29:0.0038138982186676773","29:0.0024118019287431847","0.0103759765625","Yes"
"29","112.60417301947552","41.38440141855024","0.012451171875","0.018798828125","0.006103515625","1560","0.00024066020277346793","24","0.00024066020277346793","0","0.00024066020277346793","0.00024066020277346793","38:68;28:68;30:68","38:0.001867290810171035;28:0.0038138982186676773;30:0.0024573156848835265","38:0.002413885804614546;28:0.0024118019287431847;30:0.002727356264477815","0.012451171875","Yes"
"30","93.30831856423444","72.63105550421113","0.0086669921875","0.01123046875","0.006103515625","1560","0.00029623748365554457","24","0.00029623748365554457","0","0.00029623748365554457","0.00029623748365554457","31:68;29:68","31:0.0029750772534107572;29:0.0024573156848835265","31:0.0025868840221285883;29:0.002727356264477815","0.0086669921875","Yes"
"31","67.42910733770731","32.91611577788114","0.0128173828125","0.015869140625","0.009765625","1560","0.0005765852330935103","24","0.0005765852330935103","0","0.0005765852330935103","0.0005765852330935103","30:68;32:68;18:68","30:0.0029750772534107572;32:0.0313366688142066;18:0.002870146851837091","30:0.0025868840221285883;32:0.006918511047022291;18:0.0022666240635263457","0.0128173828125","Yes"
"32","138.57358283130137","163.4550134571815","0.029541015625","0.03271484375","0.0263671875","1560","0.00017820234773298246","24","0.00017820234773298246","0","0.00017820234773298246","0.00017820234773298246","31:68;33:68","31:0.0313366688142066","31:0.006918511047022291","0.029541015625","Yes"
"33","105.16585213428257","113.84915275646685","0.0194091796875","0.02197265625","0.016845703125","1560","0.00023132551115688646","24","0.00023132551115688646","0","0.00023132551115688646","0.00023132551115688646","39:68;32:68;34:68","39:0.0019058288216247388;34:0.0025676092808417095","39:0.001913376232983044;34:0.0028049031651394274","0.0194091796875","Yes"
"34","111.72490488862873","67.17858300301575","0.01123046875","0.013916015625","0.008544921875","1560","0.00048266166728708085","24","0.00048266166728708085","0","0.00048266166728708085","0.00048266166728708085","33:68;35:68","33:0.0025676092808417095;35:0.0018243550776130546","33:0.0028049031651394274;35:0.0021534572202085434","0.01123046875","Yes"
"35","117.0078316607402","42.90397217631223","0.0216064453125","0.0244140625","0.018798828125","1560","0.0003781721515340048","24","0.0003781721515340048","0","0.0003781721515340048","0.0003781721515340048","19:68;34:68","19:0.002134118708528948;34:0.0018243550776130546","19:0.0022266736752437344;34:0.0021534572202085434","0.0216064453125","Yes"
"36","125.66298169339163","124.79574175727056","0.0101318359375","0.006103515625","0.01416015625","1560","0.000410009268384582","24","0.000410009268384582","0","0.000410009268384582","0.000410009268384582","41:68;21:68","41:0.002515703441975742;21:0.006754271111733379","41:0.001909500561269234;21:0.004565945937831328","0.0101318359375","Yes"
"37","161.3760055132246","163.39572429398453","0.0133056640625","0.01611328125","0.010498046875","1560","0.0003199556219204599","24","0.0003199556219204599","0","0.0003199556219204599","0.0003199556219204599","45:68;25:68","45:0.002154480300614603;25:0.002051385753658347","45:0.0021995589237294166;25:0.0019973289288011398","0.0133056640625","Yes"
"38","138.27146434296736","160.96378249671292","0.0087890625","0.010986328125","0.006591796875","1560","0.00020285635680136228","24","0.00020285635680136228","0","0.00020285635680136228","0.00020285635680136228","29:68;49:68","29:0.001867290810171035;49:0.0053470550776152925","29:0.002413885804614546;49:0.004584394338024239","0.0087890625","Yes"
"39","167.7651283561406","202.27892177121268","0.0185546875","0.02392578125","0.01318359375","1560","0.0007031716391719575","24","0.0007031716391719575","0","0.0007031716391719575","0.0007031716391719575","53:68;33:68","53:0.006452107562041509;33:0.0019058288216247388","53:0.004395008564956976;33:0.001913376232983044","0.0185546875","Yes"
"40","87.90851028014615","119.60636228726548","0.04345703125","0.05126953125","0.03564453125","1560","0.0004650643117330864","24","0.0004650643117330864","0","0.0004650643117330864","0.0004650643117330864","41:68","41:0.0020270948502410513","41:0.003171281007977894","0.04345703125","Yes"
"41","114.94781479365754","76.18748090458467","0.0885009765625","0.101318359375","0.07568359375","1560","0.00014698497208950602","24","0.00014698497208950602","0","0.00014698497208950602","0.00014698497208950602","40:68;42:68;36:68","40:0.0020270948502410513;42:0.0022404564476262157;36:0.002515703441975742","40:0.003171281007977894;42:0.0025318757394455216;36:0.001909500561269234","0.0885009765625","Yes"
"42","160.97186171071044","42.4448651516846","0.0096435546875","0.012451171875","0.0068359375","1560","0.00024194044226640677","24","0.00024194044226640677","0","0.00024194044226640677","0.00024194044226640677","41:68;43:68","41:0.0022404564476262157;43:0.0054000295648888585","41:0.0025318757394455216;43:0.005944718564895757","0.0096435546875","Yes"
"43","141.94697688900715","72.92278103591926","0.1380615234375","0.13232421875","0.143798828125","1560","0.000256601023583846","24","0.000256601023583846","0","0.000256601023583846","0.000256601023583846","42:68;56:68;44:68","42:0.0054000295648888585;56:0.006018125652748646;44:0.02730309306047557","42:0.005944718564895757;56:0.00637040236962913;44:0.02814632586213428","0.1380615234375","Yes"
"44","72.0932663675026","88.42705865148099","0.006591796875","0.00732421875","0.00390625","1560","0.00046875824450070457","24","0.00046875824450070457","0","0.00046875824450070457","0.00046875824450070457","45:68;43:68","45:0.0024591067047805837;43:0.02730309306047557","45:0.0020410415419381545;43:0.02814632586213428","0.006591796875","Yes"
"45","97.82178981424678","134.41102240345396","0.0419921875","0.053955078125","0.030029296875","1560","0.0002444337662931895","24","0.0002444337662931895","0","0.0002444337662931895","0.0002444337662931895","44:68;46:68;37:68","44:0.0024591067047805837;46:0.002810226419311057;37:0.002154480300614603","44:0.0020410415419381545;46:0.002933674722673446;37:0.0021995589237294166","0.0419921875","Yes"
"46","162.8766548712508","10.535121813702503","0.0111083984375","0.016357421875","0.005859375","1560","0.00046129886291103","24","0.00046129886291103","0","0.00046129886291103","0.00046129886291103","45:68;47:68","45:0.002810226419311057;47:0.002552612193527287","45:0.002933674722673446;47:0.0028134605355418785","0.0111083984375","Yes"
"47","119.40961237040109","45.3099172420757","0.02685546875","0.029541015625","0.024169921875","1560","0.0002826984906183645","24","0.0002826984906183645","0","0.0002826984906183645","0.0002826984906183645","48:68;57:68;46:68","48:0.0024742662096299273;57:0.012588233707610114;46:0.002552612193527287","48:0.0019136256864542567;57:0.009836228423274335;46:0.0028134605355418785","0.02685546875","Yes"
"48","121.7521243368508","41.94978567922243","0.009765625","0.01220703125","0.00732421875","1560","0.00032431175316078036","24","0.00032431175316078036","0","0.00032431175316078036","0.00032431175316078036","47:68;49:68","47:0.0024742662096299273;49:0.0039608755329177125","47:0.0019136256864542567;49:0.0055289706001653005","0.009765625","Yes"
"49","182.1630973650807","37.089783709237736","0.039306640625","0.040771484375","0.037841796875","1560","0.0004297454997399952","24","0.0004297454997399952","0","0.0004297454997399952","0.0004297454997399952","48:68;50:68;38:68","48:0.0039608755329177125;50:0.003177816021059987;38:0.0053470550776152925","48:0.0055289706001653005;50:0.003097555247549344;38:0.004584394338024239","0.039306640625","Yes"
"50","123.25208744309664","119.77487819171618","0.009033203125","0.009765625","0.00830078125","1560","0.00026883151135927483","24","0.00026883151135927483","0","0.00026883151135927483","0.00026883151135927483","49:68;51:68","49:0.003177816021059987;51:0.002270515931263012","49:0.003097555247549344;51:0.0023609281641953916","0.009033203125","Yes"
"51","92.97463069439232","88.9778735196936","0.0855712890625","0.093017578125","0.078125","1560","0.0002716355284090661","24","0.0002716355284090661","0","0.0002716355284090661","0.0002716355284090661","50:68;52:68;58:68","50:0.002270515931263012;52:0.002445389036448503;58:0.004153073307920779","50:0.0023609281641953916;52:0.0034725201287154617;58:0.0031344206162962907","0.0855712890625","Yes"
"52","101.18834412160805","84.8254761650218","0.0108642578125","0.015869140625","0.005859375","1560","0.00029997861379644624","24","0.00029997861379644624","0","0.00029997861379644624","0.00029997861379644624","51:68;53:68","51:0.002445389036448503;53:0.0038058160215417858","51:0.0034725201287154617;53:0.0026582792434878266","0.0108642578125","Yes"
"53","119.55882407000485","13.949962222195847","0.046875","0.050537109375","0.043212890625","1560","0.0002418479011615005","24","0.0002418479011615005","0","0.0002418479011615005","0.0002418479011615005","39:68;52:68;54:68","39:0.006452107562041509;52:0.0038058160215417858;54:0.004526509771181159","39:0.004395008564956976;52:0.0026582792434878266;54:0.0033826715240586336","0.046875","Yes"
"54","102.55613892878446","162.3359424364028","0.0047607421875","0.005859375","0.003662109375","1560","0.0007539284488541853","24","0.0007539284488541853","0","0.0007539284488541853","0.0007539284488541853","53:68;55:68","53:0.004526509771181159;55:0.0024435230077798353","53:0.0033826715240586336;55:0.00476773474810771","0.0047607421875","Yes"
"55","123.37087315836533","103.690046781734","0.0523681640625","0.061767578125","0.04296875","1560","0.00037647268392405756","24","0.00037647268392405756","0","0.00037647268392405756","0.00037647268392405756","59:68;54:68","59:0.0022542600376655453;54:0.0024435230077798353","59:0.0022132450290343053;54:0.00476773474810771","0.0523681640625","Yes"
"56","138.61755444982322","174.18847862795496","0.0118408203125","0.0146484375","0.009033203125","1560","0.0002849697553590405","24","0.0002849697553590405","0","0.0002849697553590405","0.0002849697553590405","63:68;43:68","63:0.004613284709807375;43:0.006018125652748646","63:0.005918969035049904;43:0.00637040236962913","0.0118408203125","Yes"
"57","72.25334888019879","59.55135999653482","0.013671875","0.021728515625","0.005615234375","1560","0.0014046243021196135","24","0.0014046243021196135","0","0.0014046243021196135","0.0014046243021196135","47:68;67:68","47:0.012588233707610114;67:0.01842228399194959","47:0.009836228423274335;67:0.010104956897829503","0.013671875","Yes"
"58","25.78052268441082","33.63192944302601","0.0224609375","0.033447265625","0.011474609375","1560","0.0006489464018787349","24","0.0006489464018787349","0","0.0006489464018787349","0.0006489464018787349","71:68;51:68","71:0.0033084172453249627;51:0.004153073307920779","71:0.002891843850625464;51:0.0031344206162962907","0.0224609375","Yes"
"59","94.85934615682514","95.8717156097862","0.0084228515625","0.010498046875","0.00634765625","1560","0.0005222666205434946","24","0.0005222666205434946","0","0.0005222666205434946","0.0005222666205434946","55:68;75:68","55:0.0022542600376655453;75:0.0023639978175972742","55:0.0022132450290343053;75:0.0026148936606668893","0.0084228515625","Yes"
"60","103.04390617930758","38.14524890972139","0.052490234375","0.054443359375","0.050537109375","1560","0.0008325273725199442","24","0.0008325273725199442","0","0.0008325273725199442","0.0008325273725199442","61:68","61:0.0023121868671782397","61:0.0015923808510021065","0.052490234375","Yes"
"61","156.96611850460184","92.24004397539856","0.0621337890625","0.072265625","0.0634765625","1560","0.00018563829560701254","24","0.00018563829560701254","0","0.00018563829560701254","0.00018563829560701254","76:68;60:68;62:68","76:0.002297153929246676;60:0.0023121868671782397;62:0.0038289130174700425","76:0.0030085038210122816;60:0.0015923808510021065;62:0.00431370722724686","0.0621337890625","Yes"
"62","77.77866315953796","42.07851073546015","0.0257568359375","0.02587890625","0.025634765625","1560","0.0003835466818878196","24","0.0003835466818878196","0","0.0003835466818878196","0.0003835466818878196","61:68;63:68","61:0.0038289130174700425;63:0.0072210092963187755","61:0.00431370722724686;63:0.008716723976349566","0.0257568359375","Yes"
"63","122.91222865063587","21.758119650250283","0.041015625","0.0498046875","0.0322265625","1560","0.0005198009803472304","24","0.0005198009803472304","0","0.0005198009803472304","0.0005198009803472304","56:68;62:68;64:68","56:0.004613284709807375;62:0.0072210092963187755;64:0.04709240345288737","56:0.005918969035049904;62:0.008716723976349566;64:0.07833056691028187","0.041015625","Yes"
"64","142.599042383335","142.42370911815303","0.019775390625","0.025634765625","0.013916015625","1560","0.00031866377631652057","24","0.00031866377631652057","0","0.00031866377631652057","0.00031866377631652057","65:68;63:68","65:0.0025925885230125845;63:0.04709240345288737","65:0.002211811194691632;63:0.07833056691028187","0.019775390625","Yes"
"65","140.20399097350304","107.7453296004093","0.0936279296875","0.09716796875","0.090087890625","1560","0.0003887570264198275","24","0.0003887570264198275","0","0.0003887570264198275","0.0003887570264198275","64:68;66:68;77:68","64:0.0025925885230125845;66:0.004282682680213118;77:0.003607717873443439","64:0.002211811194691632;66:0.0033365538592906863;77:0.003419486940055144","0.0936279296875","Yes"
"66","80.41254001342173","15.803321383426704","0.024169921875","0.0380859375","0.01025390625","1560","0.0006455542616426177","24","0.0006455542616426177","0","0.0006455542616426177","0.0006455542616426177","65:68;67:68","65:0.004282682680213118;67:0.004843074019484944","65:0.0033365538592906863;67:0.0037304167538302346","0.024169921875","Yes"
"67","106.26033102190931","50.46006131733925","0.05712890625","0.0595703125","0.0546875","1560","0.0003715928118623193","24","0.0003715928118623193","0","0.0003715928118623193","0.0003715928118623193","68:68;57:68;66:68","68:0.0048486035915063785;57:0.01842228399194959;66:0.004843074019484944","68:0.004393252887614468;57:0.010104956897829503;66:0.0037304167538302346","0.05712890625","Yes"
"68","114.96727270922673","88.27150313532135","0.014404296875","0.0224609375","0.00634765625","1560","0.0006535764569348571","24","0.0006535764569348571","0","0.0006535764569348571","0.0006535764569348571","67:68;69:68","67:0.0048486035915063785;69:0.005941273962357718","67:0.004393252887614468;69:0.008564975461702845","0.014404296875","Yes"
"69","190.49047532626835","103.5917326670245","0.040771484375","0.0400390625","0.04150390625","1560","0.0002687921410272064","24","0.0002687921410272064","0","0.0002687921410272064","0.0002687921410272064","78:68;68:68;70:68","78:0.00231906930705858;68:0.005941273962357718;70:0.004675585145802963","78:0.0022420501094533862;68:0.008564975461702845;70:0.002418483914638281","0.040771484375","Yes"
"70","83.72207836646216","79.01316175067385","0.005859375","0.009765625","0.001953125","1560","0.00028009945290338555","24","0.00028009945290338555","0","0.00028009945290338555","0.00028009945290338555","69:68;71:68","69:0.004675585145802963;71:0.003107986734772278","69:0.002418483914638281;71:0.0025531221234660617","0.005859375","Yes"
"71","165.51352489995074","125.41677151598225","0.011962890625","0.015380859375","0.008544921875","1560","0.00030018122413930575","24","0.00030018122413930575","0","0.00030018122413930575","0.00030018122413930575","72:68;58:68;70:68","58:0.0033084172453249627;70:0.003107986734772278","58:0.002891843850625464;70:0.0025531221234660617","0.011962890625","Yes"
"72","11.393168537216084","99.15649886504495","0.4635009765625","0.59326171875","0.333740234375","1560","","24","","0","","","73:68;71:68","","","0.4635009765625","Yes"
"73","141.23287317503127","65.92936833493867","0.0130615234375","0.013427734375","0.0126953125","1560","0.0003028698715453443","24","0.0003028698715453443","0","0.0003028698715453443","0.0003028698715453443","72:68;74:68;79:68","74:0.0022133473109066104;79:0.002710353876623439","74:0.0022096573298022726;79:0.002385715541313921","0.0130615234375","Yes"
"74","101.0619804560065","104.57436874795138","0.0079345703125","0.010986328125","0.0048828125","1560","0.0003383122183781279","24","0.0003383122183781279","0","0.0003383122183781279","0.0003383122183781279","73:68;75:68","73:0.0022133473109066104;75:0.0026245290557700973","73:0.0022096573298022726;75:0.0023718885219443653","0.0079345703125","Yes"
"75","103.70529461646164","94.9357405858325","0.0052490234375","0.007568359375","0.0029296875","1560","0.00023473648985440862","24","0.00023473648985440862","0","0.00023473648985440862","0.00023473648985440862","59:68;74:68","59:0.0023639978175972742;74:0.0026245290557700973","59:0.0026148936606668893;74:0.0023718885219443653","0.0052490234375","Yes"
"76","151.4923058102974","106.42385593522438","0.0382080078125","0.035888671875","0.04052734375","1560","0.00026875188088042065","24","0.00026875188088042065","0","0.00026875188088042065","0.00026875188088042065","81:68;61:68","81:0.002038965384780711;61:0.002297153929246676","81:0.0018180251591652374;61:0.0030085038210122816","0.0382080078125","Yes"
"77","60.94794034461228","36.299178611849854","0.0103759765625","0.014892578125","0.005859375","1560","0.00027878396061197566","24","0.00027878396061197566","0","0.00027878396061197566","0.00027878396061197566","85:68;65:68","85:0.003916605366650616;65:0.003607717873443439","85:0.003522551990596673;65:0.003419486940055144","0.0103759765625","Yes"
"78","116.66764398869383","104.00948791409458","0.0284423828125","0.02587890625","0.024169921875","1560","0.0004098894072176288","24","0.0004098894072176288","0","0.0004098894072176288","0.0004098894072176288","69:68;89:68","69:0.00231906930705858;89:0.003264669806730097","69:0.0022420501094533862;89:0.0027366608668094317","0.0284423828125","Yes"
"79","83.40675816504098","43.959211815370686","0.01123046875","0.01953125","0.0029296875","1560","0.00030898929508105173","24","0.00030898929508105173","0","0.00030898929508105173","0.00030898929508105173","93:68;73:68","93:0.002640263312711777;73:0.002710353876623439","93:0.002517217339459782;73:0.002385715541313921","0.01123046875","Yes"
"80","144.85901173216257","135.54134373361785","0.01171875","0.012939453125","0.010498046875","1560","0.000213264453317763","24","0.000213264453317763","0","0.000213264453317763","0.000213264453317763","81:68","81:0.0019264230300637397","81:0.002577403583937099","0.01171875","Yes"
"81","110.75067599880661","22.54998640951941","0.03173828125","0.036376953125","0.027099609375","1560","0.00016161728778768054","24","0.00016161728778768054","0","0.00016161728778768054","0.00016161728778768054","80:68;82:68;76:68","80:0.0019264230300637397;82:0.0018706570461275995;76:0.002038965384780711","80:0.002577403583937099;82:0.006060118273119447;76:0.0018180251591652374","0.03173828125","Yes"
"82","113.86363600602988","30.022675374342963","0.009765625","0.0146484375","0.0048828125","1560","0.0002017953726679479","24","0.0002017953726679479","0","0.0002017953726679479","0.0002017953726679479","81:68;83:68","81:0.0018706570461275995;83:0.003413679822160509","81:0.006060118273119447;83:0.0026230871922861554","0.009765625","Yes"
"83","110.60941312795364","132.54444007319054","0.2296142578125","0.212890625","0.246337890625","1560","0.0002858743828373713","24","0.0002858743828373713","0","0.0002858743828373713","0.0002858743828373713","96:68;82:68;84:68","96:0.0033917798982625036;82:0.003413679822160509;84:0.0017004978056320286","96:0.002558091283450886;82:0.0026230871922861554;84:0.002284213697366727","0.2296142578125","Yes"
"84","81.76170797815509","84.75869934758106","0.0057373046875","0.0078125","0.003662109375","1560","0.000200000355913302","24","0.000200000355913302","0","0.000200000355913302","0.000200000355913302","83:68;85:68","83:0.0017004978056320286;85:0.0036311962475451542","83:0.002284213697366727;85:0.002874222065405607","0.0057373046875","Yes"
"85","181.02563748854323","38.14878943320041","0.01513671875","0.018310546875","0.011962890625","1560","0.0004151951749582363","24","0.0004151951749582363","0","0.0004151951749582363","0.0004151951749582363","77:68;86:68;84:68","77:0.003916605366650616;86:0.003971858839374953;84:0.0036311962475451542","77:0.003522551990596673;86:0.0033313362395809842;84:0.002874222065405607","0.01513671875","Yes"
"86","210.6344843652732","103.64328731529629","0.009765625","0.008544921875","0.010986328125","1560","0.00021637766304357666","24","0.00021637766304357666","0","0.00021637766304357666","0.00021637766304357666","85:68;87:68","85:0.003971858839374953;87:0.0022243646079579404","85:0.0033313362395809842;87:0.0017477738511016694","0.009765625","Yes"
"87","94.22759451721234","97.28171012555526","0.0728759765625","0.074951171875","0.07080078125","1560","0.00023155220431189875","24","0.00023155220431189875","0","0.00023155220431189875","0.00023155220431189875","86:68;88:68;97:68","86:0.0022243646079579404;88:0.002247089762059784;97:0.0028352864327475247","86:0.0017477738511016694;88:0.0019415386411569535;97:0.0024960691690083525","0.0728759765625","Yes"
"88","147.82822955646503","201.6649432404196","0.01171875","0.013427734375","0.010009765625","1560","0.0003996613173991116","24","0.0003996613173991116","0","0.0003996613173991116","0.0003996613173991116","87:68;89:68","87:0.002247089762059784;89:0.0024034092962581244","87:0.0019415386411569535;89:0.0020352911731784107","0.01171875","Yes"
"89","90.22172049687396","67.40567196398958","0.0228271484375","0.025634765625","0.02001953125","1560","0.00029813180623775937","24","0.00029813180623775937","0","0.00029813180623775937","0.00029813180623775937","90:68;88:68;78:68","90:0.003034026967384418;88:0.0024034092962581244;78:0.003264669806730097","90:0.002268047877142021;88:0.0020352911731784107;78:0.0027366608668094317","0.0228271484375","Yes"
"90","144.381320041114","142.87298925863615","0.0062255859375","0.00732421875","0.005126953125","1560","0.00020775095664498616","24","0.00020775095664498616","0","0.00020775095664498616","0.00020775095664498616","89:68;91:68","89:0.003034026967384418;91:0.0024811133690347265","89:0.002268047877142021;91:0.002815244217887869","0.0062255859375","Yes"
"91","162.8977961269175","20.30634359209373","0.078369140625","0.073486328125","0.083251953125","1560","0.0002960594580100471","24","0.0002960594580100471","0","0.0002960594580100471","0.0002960594580100471","98:68;90:68;92:68","98:0.0016087520435734415;90:0.0024811133690347265;92:0.0022082594265472044","98:0.0018783533539921127;90:0.002815244217887869;92:0.00210258825261192","0.078369140625","Yes"
"92","141.26750677881685","190.25263791112673","0.0101318359375","0.017333984375","0.0029296875","1560","0.00039262347609362593","24","0.00039262347609362593","0","0.00039262347609362593","0.00039262347609362593","91:68;93:68","91:0.0022082594265472044;93:0.002061200998687257","91:0.00210258825261192;93:0.002149428947003623","0.0101318359375","Yes"
"93","152.59197332939587","141.07701295700204","0.02294921875","0.02880859375","0.01708984375","1560","0.0006899846584221386","24","0.0006899846584221386","0","0.0006899846584221386","0.0006899846584221386","94:68;79:68;92:68","94:0.002607426684784281;79:0.002640263312711777;92:0.002061200998687257","94:0.0026330981849851387;79:0.002517217339459782;92:0.002149428947003623","0.02294921875","Yes"
"94","144.41636231197296","67.17004969822683","0.006591796875","0.007568359375","0.005615234375","1560","0.00028296441284847364","24","0.00028296441284847364","0","0.00028296441284847364","0.00028296441284847364","93:68;95:68","93:0.002607426684784281;95:0.0029178871191835876","93:0.0026330981849851387;95:0.00229834280872121","0.006591796875","Yes"
"95","152.6893161426223","170.04972770827524","0.010986328125","0.0087890625","0.00634765625","1560","0.00023062572452499277","24","0.00023062572452499277","0","0.00023062572452499277","0.00023062572452499277","99:68;94:68","99:0.0026568817190935345;94:0.0029178871191835876","94:0.00229834280872121","0.010986328125","Yes"
"96","122.8500824745866","128.89212436846307","0.0079345703125","0.01171875","0.004150390625","1560","0.0002730565431616059","24","0.0002730565431616059","0","0.0002730565431616059","0.0002730565431616059","83:68;103:68","83:0.0033917798982625036;103:0.009644478439782556","83:0.002558091283450886;103:0.003421615719590626","0.0079345703125","Yes"
"97","106.93847861583662","135.3519886039732","0.00830078125","0.01025390625","0.00634765625","1560","0.00033283351055668405","24","0.00033283351055668405","0","0.00033283351055668405","0.00033283351055668405","87:68;107:68","87:0.0028352864327475247;107:0.0022012549917152235","87:0.0024960691690083525;107:0.002198414548572447","0.00830078125","Yes"
"98","112.55981840622425","17.89407196253547","0.0120849609375","0.013671875","0.010498046875","1560","0.0002490526317842431","24","0.0002490526317842431","0","0.0002490526317842431","0.0002490526317842431","91:68;111:68","91:0.0016087520435734415;111:0.0027584304966690454","91:0.0018783533539921127;111:0.0029859308491067826","0.0120849609375","Yes"
"99","71.1997637314204","27.75173238885987","0.0252685546875","0.034423828125","0.01611328125","1560","0.00020495375869517777","24","0.00020495375869517777","0","0.00020495375869517777","0.00020495375869517777","115:68;95:68","115:0.00205682261659329;95:0.0026568817190935345","","0.0252685546875","Yes"
"100","135.87964025682788","27.71111909064186","0.018310546875","0.01953125","0.01708984375","1560","0.0008783901284738873","24","0.0008783901284738873","0","0.0008783901284738873","0.0008783901284738873","101:68","101:0.0030849724261775846","101:0.004035344680647646","0.018310546875","Yes"
"101","164.40045433282063","178.13216306916806","0.0631103515625","0.070068359375","0.05615234375","1560","0.0003186671421857781","24","0.0003186671421857781","0","0.0003186671421857781","0.0003186671421857781","100:68;116:68;102:68","100:0.0030849724261775846;116:0.0022356782098128802;102:0.004000717927882369","100:0.004035344680647646;116:0.001973090097669744;102:0.009513574487921173","0.0631103515625","Yes"
"102","71.45824308881386","56.59706123590972","0.0224609375","0.033203125","0.01171875","1560","0.00042135819344957514","24","0.00042135819344957514","0","0.00042135819344957514","0.00042135819344957514","101:68;103:88","101:0.004000717927882369","101:0.009513574487921173","0.0224609375","Yes"
"103","130.50791140478478","105.7780858250817","0.0164794921875","0.0224609375","0.010498046875","1560","0.00034344336416925527","24","0.00034344336416925527","0","0.00034344336416925527","0.00034344336416925527","104:68;96:68;102:88","104:0.008162171584585404;96:0.009644478439782556","104:0.003505038233248464;96:0.003421615719590626","0.0164794921875","Yes"
"104","58.05772314978718","49.58345122921882","0.010009765625","0.012939453125","0.007080078125","1560","0.0001609073822129284","24","0.0001609073822129284","0","0.0001609073822129284","0.0001609073822129284","103:68;105:68","103:0.008162171584585404;105:0.002324101463456657","103:0.003505038233248464;105:0.002352063318602632","0.010009765625","Yes"
"105","184.70089416345314","111.94285246159485","0.0208740234375","0.029052734375","0.0126953125","1560","0.0002487421573786339","24","0.0002487421573786339","0","0.0002487421573786339","0.0002487421573786339","104:68;106:68;117:68","104:0.002324101463456657;106:0.0020545632479564424;117:0.0022398984191622784","104:0.002352063318602632;106:0.002151643514545387;117:0.002601622484265237","0.0208740234375","Yes"
"106","133.16057834962794","161.4214160773471","0.0078125","0.01025390625","0.00537109375","1560","0.00025978986371696017","24","0.00025978986371696017","0","0.00025978986371696017","0.00025978986371696017","107:68;105:68","107:0.002214928291875251;105:0.0020545632479564424","107:0.0035446518314167785;105:0.002151643514545387","0.0078125","Yes"
"107","81.52060743693512","22.575249408215132","0.01318359375","0.0185546875","0.0078125","1560","0.0003932545858526038","24","0.0003932545858526038","0","0.0003932545858526038","0.0003932545858526038","106:68;108:68;97:68","106:0.002214928291875251;108:0.002078497704231519;97:0.0022012549917152235","106:0.0035446518314167785;108:0.002342651042610777;97:0.002198414548572447","0.01318359375","Yes"
"108","159.72175196512916","150.40720152632136","0.0164794921875","0.01708984375","0.015869140625","1560","0.00044033056891071715","24","0.00044033056891071715","0","0.00044033056891071715","0.00044033056891071715","107:68;109:68","107:0.002078497704231519;109:0.0022537409149582244","107:0.002342651042610777;109:0.0022951560076817368","0.0164794921875","Yes"
"109","204.69921231269495","72.6919623653839","0.015625","0.018798828125","0.012451171875","1560","0.0002712546081963273","24","0.0002712546081963273","0","0.0002712546081963273","0.0002712546081963273","108:68;110:68;118:68","108:0.0022537409149582244;110:0.002295223159181098;118:0.003051310041923022","108:0.0022951560076817368;110:0.0024960996167455174;118:0.002334868423164299","0.015625","Yes"
"110","86.71481565304725","90.1362573380418","0.010009765625","0.01416015625","0.005859375","1560","0.00030389106087480003","24","0.00030389106087480003","0","0.00030389106087480003","0.00030389106087480003","109:68;111:68","109:0.002295223159181098;111:0.0026127370449307297","109:0.0024960996167455174;111:0.003195835246678852","0.010009765625","Yes"
"111","149.5342857978214","87.20318067301766","0.0452880859375","0.0478515625","0.042724609375","1560","0.0003466579496194446","24","0.0003466579496194446","0","0.0003466579496194446","0.0003466579496194446","112:68;110:68;98:68","112:0.00385320430252023;110:0.0026127370449307297;98:0.0027584304966690454","112:0.0024920514241811853;110:0.003195835246678852;98:0.0029859308491067826","0.0452880859375","Yes"
"112","125.14979131193087","118.85347668408085","0.00830078125","0.01318359375","0.008544921875","1560","0.0003230496242142708","24","0.0003230496242142708","0","0.0003230496242142708","0.0003230496242142708","111:68;113:68","111:0.00385320430252023;113:0.0023578300467759494","111:0.0024920514241811853;113:0.002362011021763255","0.00830078125","Yes"
"113","150.4042240653499","30.957911708837393","0.0916748046875","0.080322265625","0.10302734375","1560","0.00020042468733012269","24","0.00020042468733012269","0","0.00020042468733012269","0.00020042468733012269","119:68;112:68;114:68","119:0.0032052359603238767;112:0.0023578300467759494;114:0.0029065385859970705","119:0.0026383360361765806;112:0.002362011021763255;114:0.0022389620022100487","0.0916748046875","Yes"
"114","107.22118259383775","76.62229241449572","0.004638671875","0.00537109375","0.00390625","1560","0.00034366657442835315","24","0.00034366657442835315","0","0.00034366657442835315","0.00034366657442835315","115:68;113:68","115:0.002495570027100963;113:0.0029065385859970705","115:0.0024556905397254136;113:0.0022389620022100487","0.004638671875","Yes"
"115","119.2296493253885","148.21526297217062","0.0089111328125","0.015869140625","0.001953125","1560","0.00033729014755379955","24","0.00033729014755379955","0","0.00033729014755379955","0.00033729014755379955","99:68;114:68","99:0.00205682261659329;114:0.002495570027100963","114:0.0024556905397254136","0.0089111328125","Yes"
"116","117.44795875938692","125.19778642906739","0.0457763671875","0.044921875","0.046630859375","1560","0.00019053249880639778","24","0.00019053249880639778","0","0.00019053249880639778","0.00019053249880639778","101:68;121:68","101:0.0022356782098128802;121:0.0016109082161764876","101:0.001973090097669744;121:0.0017706910802384734","0.0457763671875","Yes"
"117","107.08341023817408","78.73850520316557","0.019775390625","0.0341796875","0.00537109375","1560","0.00016613809971866808","24","0.00016613809971866808","0","0.00016613809971866808","0.00016613809971866808","105:68;125:68","105:0.0022398984191622784;125:0.001885797649210541","105:0.002601622484265237;125:0.0015073746773347219","0.019775390625","Yes"
"118","151.7548547322242","51.91216123917693","0.01611328125","0.02099609375","0.01123046875","1560","0.0003163514287523054","24","0.0003163514287523054","0","0.0003163514287523054","0.0003163514287523054","109:68;129:68","109:0.003051310041923022;129:0.00236328769094421","109:0.002334868423164299;129:0.0024004250687516826","0.01611328125","Yes"
"119","82.24793603746045","97.20582561729987","0.0155029296875","0.021484375","0.009521484375","1560","0.00044223501078624475","24","0.00044223501078624475","0","0.00044223501078624475","0.00044223501078624475","113:68;133:68","113:0.0032052359603238767;133:0.003072005707806469","113:0.0026383360361765806;133:0.0028709825699499703","0.0155029296875","Yes"
"120","198.47879769537752","222.64156041514877","0.0081787109375","0.009033203125","0.00732421875","1560","0.00010804460337382292","24","0.00010804460337382292","0","0.00010804460337382292","0.00010804460337382292","121:68","121:0.0022725072545307923","121:0.0018779361880122691","0.0081787109375","Yes"
"121","164.26676363878397","177.37590737094774","0.017822265625","0.01953125","0.01611328125","1560","0.00019765064052239633","24","0.00019765064052239633","0","0.00019765064052239633","0.00019765064052239633","120:68;122:68;116:68","120:0.0022725072545307923;122:0.0028978166840820385;116:0.0016109082161764876","120:0.0018779361880122691;122:0.0027637042092819863;116:0.0017706910802384734","0.017822265625","Yes"
"122","120.32483399880068","69.49949016073053","0.0107421875","0.015380859375","0.006103515625","1560","0.00050689058408175","24","0.00050689058408175","0","0.00050689058408175","0.00050689058408175","121:68;123:68","121:0.0028978166840820385;123:0.0027079538272191395","121:0.0027637042092819863;123:0.002442923683601883","0.0107421875","Yes"
"123","156.0400972922395","123.50334866644111","0.01025390625","0.01123046875","0.00927734375","1560","0.000243122194156407","24","0.000243122194156407","0","0.000243122194156407","0.000243122194156407","136:68;124:68;122:68","136:0.0023711583526193625;124:0.0021150752468691025;122:0.0027079538272191395","136:0.002391539045231178;124:0.0017727321763297;122:0.002442923683601883","0.01025390625","Yes"
"124","112.64037526597217","132.32361574830335","0.0054931640625","0.009765625","0.001220703125","1560","0.00027929518047952915","24","0.00027929518047952915","0","0.00027929518047952915","0.00027929518047952915","123:68;125:68","123:0.0021150752468691025;125:0.001687733418790277","123:0.0017727321763297;125:0.0015001447656037559","0.0054931640625","Yes"
"125","65.00735797855785","42.79377009606044","0.0272216796875","0.0302734375","0.024169921875","1560","0.00019452707706059936","24","0.00019452707706059936","0","0.00019452707706059936","0.00019452707706059936","117:68;124:68;126:68","117:0.001885797649210541;124:0.001687733418790277;126:0.0037447602861199747","117:0.0015073746773347219;124:0.0015001447656037559;126:0.001977261592118612","0.0272216796875","Yes"
"126","90.17944412575716","63.33072474012942","0.0052490234375","0.00634765625","0.004150390625","1560","0.0002651769615695934","24","0.0002651769615695934","0","0.0002651769615695934","0.0002651769615695934","127:68;125:68","127:0.002273140086240577;125:0.0037447602861199747","127:0.002684339132544844;125:0.001977261592118612","0.0052490234375","Yes"
"127","131.14619331155586","125.50457109294304","0.04296875","0.050048828125","0.035888671875","1560","0.0002128640296961935","24","0.0002128640296961935","0","0.0002128640296961935","0.0002128640296961935","126:68;128:68;137:68","126:0.002273140086240577;128:0.0021832266385028443;137:0.002246458613544","126:0.002684339132544844;128:0.0019828942172964714;137:0.0021911005057644595","0.04296875","Yes"
"128","129.63304408311058","45.3676650569865","0.03662109375","0.040771484375","0.032470703125","1560","0.0002752113981185911","24","0.0002752113981185911","0","0.0002752113981185911","0.0002752113981185911","127:68;129:68","127:0.0021832266385028443;129:0.0029307375789816847","127:0.0019828942172964714;129:0.00233742886942373","0.03662109375","Yes"
"129","116.53977589209283","94.30291733785623","0.017333984375","0.01806640625","0.016357421875","1560","0.00025270368941345065","24","0.00025270368941345065","0","0.00025270368941345065","0.00025270368941345065","130:68;128:68;118:68","130:0.003328423407931519;128:0.0029307375789816847;118:0.00236328769094421","130:0.00227764303652489;128:0.00233742886942373;118:0.0024004250687516826","0.017333984375","Yes"
"130","148.45386438441625","158.56532170891614","0.0042724609375","0.00537109375","0.003173828125","1560","0.00041188213498671156","24","0.00041188213498671156","0","0.00041188213498671156","0.00041188213498671156","129:68;131:68","129:0.003328423407931519;131:0.009570927131635959","129:0.00227764303652489;131:0.008040514259773313","0.0042724609375","Yes"
"131","265.4773540165308","261.27484903023947","0.10498046875","0.107421875","0.1025390625","1560","0.0001774460995730757","24","0.0001774460995730757","0","0.0001774460995730757","0.0001774460995730757","138:68;130:68;132:68","138:0.0023031649692576706;130:0.009570927131635959;132:0.0013722975905736123","138:0.003209361702718183;130:0.008040514259773313;132:0.0016616798679677802","0.10498046875","Yes"
"132","124.52331913563165","152.59497202820668","0.0084228515625","0.0107421875","0.006103515625","1560","0.00015421742706831239","24","0.00015421742706831239","0","0.00015421742706831239","0.00015421742706831239","133:68;131:68","133:0.002634214299076121;131:0.0013722975905736123","133:0.0021873385733140738;131:0.0016616798679677802","0.0084228515625","Yes"
"133","121.86683617568865","43.857367605939196","0.017333984375","0.0166015625","0.01806640625","1560","0.0002001772811455005","24","0.0002001772811455005","0","0.0002001772811455005","0.0002001772811455005","132:68;134:68;119:68","132:0.002634214299076121;134:0.0027480587073964446;119:0.003072005707806469","132:0.0021873385733140738;134:0.003459526799411472;119:0.0028709825699499703","0.017333984375","Yes"
"134","108.22992350769243","47.50730331574998","0.010009765625","0.016845703125","0.003173828125","1560","0.00048721733216958326","24","0.00048721733216958326","0","0.00048721733216958326","0.00048721733216958326","133:68;135:68","133:0.0027480587073964446;135:0.003138755497691048","133:0.003459526799411472;135:0.002873422628179606","0.010009765625","Yes"
"135","136.9518343088387","174.5521664235566","0.056396484375","0.0576171875","0.05517578125","1560","0.00017993460163526087","24","0.00017993460163526087","0","0.00017993460163526087","0.00017993460163526087","134:68;139:68","134:0.003138755497691048;139:0.004294020330865095","134:0.002873422628179606;139:0.003472408074018357","0.056396484375","Yes"
"136","110.66398268626887","101.49841580837774","0.005126953125","0.0087890625","0.00146484375","1560","0.00022244129796988567","24","0.00022244129796988567","0","0.00022244129796988567","0.00022244129796988567","123:68;143:68","123:0.0023711583526193625;143:0.0024646370039378696","123:0.002391539045231178;143:0.002054609386082429","0.005126953125","Yes"
"137","138.47538408504292","164.07027948946427","0.0047607421875","0.008544921875","0.0009765625","1560","0.00033311092257097986","24","0.00033311092257097986","0","0.00033311092257097986","0.00033311092257097986","147:68;127:68","147:0.0028926305541890907;127:0.002246458613544","147:0.0029752219792723023;127:0.0021911005057644595","0.0047607421875","Yes"
"138","73.94814531668274","108.95079584712981","0.0128173828125","0.020263671875","0.00537109375","1560","0.00036986956530290403","24","0.00036986956530290403","0","0.00036986956530290403","0.00036986956530290403","151:68;131:68","151:0.0022350608754724832;131:0.0023031649692576706","151:0.0030900531188643166;131:0.003209361702718183","0.0128173828125","Yes"
"139","75.60629824246966","33.08136717160105","0.0096435546875","0.015869140625","0.00341796875","1560","0.0005530815493628302","24","0.0005530815493628302","0","0.0005530815493628302","0.0005530815493628302","155:68;135:68","155:0.0026637455196369675;135:0.004294020330865095","155:0.0023912144330949237;135:0.003472408074018357","0.0096435546875","Yes"
"140","125.10561261006833","199.53764153978778","0.0164794921875","0.020263671875","0.0126953125","1560","0.00023255753390300884","24","0.00023255753390300884","0","0.00023255753390300884","0.00023255753390300884","141:68","141:0.0015170359777004483","141:0.0014505811867040197","0.0164794921875","Yes"
"141","120.7158638796736","106.62918170521552","0.0098876953125","0.0146484375","0.005126953125","1560","0.00018646424692739846","24","0.00018646424692739846","0","0.00018646424692739846","0.00018646424692739846","140:68;142:68","140:0.0015170359777004483;142:0.0025522933360551947","140:0.0014505811867040197;142:0.0020170419305447773","0.0098876953125","Yes"
"142","96.90644756481419","123.82865687074366","0.0062255859375","0.009521484375","0.0029296875","1560","0.000398955132370991","24","0.000398955132370991","0","0.000398955132370991","0.000398955132370991","143:68;141:68","143:0.002528092551085853;141:0.0025522933360551947","143:0.002244080271784965;141:0.0020170419305447773","0.0062255859375","Yes"
"143","169.49943107947482","162.7085365009965","0.0087890625","0.01171875","0.005859375","1560","0.00026616297118880615","24","0.00026616297118880615","0","0.00026616297118880615","0.00026616297118880615","142:68;144:68;136:68","142:0.002528092551085853;144:0.00263200921590398;136:0.0024646370039378696","142:0.002244080271784965;144:0.0025833197615270087;136:0.002054609386082429","0.0087890625","Yes"
"144","113.70165031765502","154.3283977610838","0.00634765625","0.009521484375","0.003173828125","1560","0.00022038251237048776","24","0.00022038251237048776","0","0.00022038251237048776","0.00022038251237048776","145:68;143:68","145:0.0023194567494996265;143:0.00263200921590398","145:0.001512345642596724;143:0.0025833197615270087","0.00634765625","Yes"
"145","196.94380264406618","117.82409508046412","0.0328369140625","0.03515625","0.030517578125","1560","0.00023109610629416027","24","0.00023109610629416027","0","0.00023109610629416027","0.00023109610629416027","144:68;146:68","144:0.0023194567494996265;146:0.002273404427959591","144:0.001512345642596724;146:0.0016138563680477835","0.0328369140625","Yes"
"146","158.42036657695223","42.933206135809975","0.0108642578125","0.01611328125","0.005859375","1560","0.00016988211276029537","24","0.00016988211276029537","0","0.00016988211276029537","0.00016988211276029537","145:68;147:88","145:0.002273404427959591;147:0.0027588600937133168","145:0.0016138563680477835;147:0.0022454503662331926","0.0108642578125","Yes"
"147","143.10181787323415","147.8574802063048","0.0118408203125","0.015625","0.008056640625","1560","0.00028270199687775027","24","0.00028270199687775027","0","0.00028270199687775027","0.00028270199687775027","148:68;137:68;146:88","148:0.003182246453118709;137:0.0028926305541890907;146:0.0027588600937133168","148:0.002497768791260707;137:0.0029752219792723023;146:0.0022454503662331926","0.0118408203125","Yes"
"148","106.97326888861818","118.65489372975904","0.009033203125","0.012939453125","0.005126953125","1560","0.0003580785787125983","24","0.0003580785787125983","0","0.0003580785787125983","0.0003580785787125983","147:68;149:68","147:0.003182246453118709;149:0.015027950178803012","147:0.002497768791260707;149:0.019000483334363938","0.009033203125","Yes"
"149","28.950617479193337","4.506501027525611","0.082275390625","0.09130859375","0.0732421875","1560","0.014288262337255053","24","0.014288262337255053","0","0.014288262337255053","0.014288262337255053","150:68;148:68","150:0.03760458856839685;148:0.015027950178803012","150:0.017713423935673767;148:0.019000483334363938","0.082275390625","Yes"
"150","81.61989866723343","5.380093302008998","0.0054931640625","0.00830078125","0.002685546875","1560","0.0009655149145243318","24","0.0009655149145243318","0","0.0009655149145243318","0.0009655149145243318","149:68;151:68","149:0.03760458856839685;151:0.006607648361999591","149:0.017713423935673767;151:0.007197435284648196","0.0054931640625","Yes"
"151","83.93642189496849","104.9022265436057","0.0107421875","0.014404296875","0.007080078125","1560","0.00019102760270660855","24","0.00019102760270660855","0","0.00019102760270660855","0.00019102760270660855","138:68;152:68;150:68","138:0.0022350608754724832;152:0.002192419602905643;150:0.006607648361999591","138:0.0030900531188643166;152:0.001857162151760794;150:0.007197435284648196","0.0107421875","Yes"
"152","83.52165367111877","105.2020087429155","0.009033203125","0.0126953125","0.00537109375","1560","0.0004587913064262598","24","0.0004587913064262598","0","0.0004587913064262598","0.0004587913064262598","151:68;153:68","151:0.002192419602905643;153:0.0023150456693845356","151:0.001857162151760794;153:0.002558124466157552","0.009033203125","Yes"
"153","213.73238167358207","58.235656388574704","0.021240234375","0.025146484375","0.017333984375","1560","0.0002653862170604866","24","0.0002653862170604866","0","0.0002653862170604866","0.0002653862170604866","152:68;154:68","152:0.0023150456693845356;154:0.0022526071620239396","152:0.002558124466157552;154:0.0019573647832338004","0.021240234375","Yes"
"154","107.9488729855028","100.84223791887052","0.0057373046875","0.0087890625","0.002685546875","1560","0.00032451275381747827","24","0.00032451275381747827","0","0.00032451275381747827","0.00032451275381747827","153:68;155:68","153:0.0022526071620239396;155:0.0024490562952856065","153:0.0019573647832338004;155:0.0019469735087454254","0.0057373046875","Yes"
"155","140.9458169101759","15.134269734102004","0.018310546875","0.0244140625","0.01220703125","1560","0.00022318519756405538","24","0.00022318519756405538","0","0.00022318519756405538","0.00022318519756405538","139:68;154:68","139:0.0026637455196369675;154:0.0024490562952856065","139:0.0023912144330949237;154:0.0019469735087454254","0.018310546875","Yes"